Republic of Lithuania;1994;46486;603
Republic of Lithuania;1995;45306;514
Republic of Lithuania;1996;42896;395
Republic of Lithuania;1997;41143;391
Republic of Lithuania;1998;40757;343
Republic of Lithuania;1999;40003;315
Republic of Lithuania;2000;38919;294
Republic of Lithuania;2001;40399;250
Republic of Lithuania;2002;41072;238
Republic of Lithuania;2003;40990;206
Republic of Lithuania;2004;41340;240
Republic of Lithuania;2005;43799;209
Republic of Lithuania;2006;44813;213
Republic of Lithuania;2007;45624;190
Republic of Lithuania;2008;43832;172
Republic of Lithuania;2009;42032;181
Republic of Lithuania;2010;42120;153
Republic of Lithuania;2011;41037;144
Republic of Lithuania;2012;40938;118
Republic of Lithuania;2013;41511;110
Republic of Lithuania;2014;40252;118
Republic of Lithuania;2015;41776;132
Republic of Lithuania;2016;41106;139
Republic of Lithuania;2017;40142;85
Vilnius county;1994;10440;130
Vilnius county;1995;10376;124
Vilnius county;1996;9809;82
Vilnius county;1997;9585;73
Vilnius county;1998;9509;78
Vilnius county;1999;9030;63
Vilnius county;2000;8925;46
Vilnius county;2001;9341;45
Vilnius county;2002;9418;56
Vilnius county;2003;9514;40
Vilnius county;2004;9421;45
Vilnius county;2005;10122;53
Vilnius county;2006;10831;72
Vilnius county;2007;11071;55
Vilnius county;2008;10657;36
Vilnius county;2009;10063;51
Vilnius county;2010;10021;39
Vilnius county;2011;9725;38
Vilnius county;2012;9817;40
Vilnius county;2013;10045;33
Vilnius county;2014;9906;23
Vilnius county;2015;10059;38
Vilnius county;2016;9932;38
Vilnius county;2017;9547;31
Elektrėnai mun.;1994;358;
Elektrėnai mun.;1995;399;
Elektrėnai mun.;1996;371;
Elektrėnai mun.;1997;343;
Elektrėnai mun.;1998;368;
Elektrėnai mun.;1999;342;
Elektrėnai mun.;2000;328;1
Elektrėnai mun.;2001;359;1
Elektrėnai mun.;2002;341;5
Elektrėnai mun.;2003;350;3
Elektrėnai mun.;2004;316;0
Elektrėnai mun.;2005;384;2
Elektrėnai mun.;2006;379;1
Elektrėnai mun.;2007;387;3
Elektrėnai mun.;2008;432;2
Elektrėnai mun.;2009;331;1
Elektrėnai mun.;2010;419;1
Elektrėnai mun.;2011;320;1
Elektrėnai mun.;2012;342;0
Elektrėnai mun.;2013;303;4
Elektrėnai mun.;2014;327;1
Elektrėnai mun.;2015;337;0
Elektrėnai mun.;2016;346;0
Elektrėnai mun.;2017;342;1
Šalčininkai d. mun.;1994;629;8
Šalčininkai d. mun.;1995;618;9
Šalčininkai d. mun.;1996;624;3
Šalčininkai d. mun.;1997;636;5
Šalčininkai d. mun.;1998;672;3
Šalčininkai d. mun.;1999;540;3
Šalčininkai d. mun.;2000;556;4
Šalčininkai d. mun.;2001;604;2
Šalčininkai d. mun.;2002;624;1
Šalčininkai d. mun.;2003;639;4
Šalčininkai d. mun.;2004;603;4
Šalčininkai d. mun.;2005;688;3
Šalčininkai d. mun.;2006;675;4
Šalčininkai d. mun.;2007;697;3
Šalčininkai d. mun.;2008;673;1
Šalčininkai d. mun.;2009;593;0
Šalčininkai d. mun.;2010;638;3
Šalčininkai d. mun.;2011;571;3
Šalčininkai d. mun.;2012;505;0
Šalčininkai d. mun.;2013;576;1
Šalčininkai d. mun.;2014;538;1
Šalčininkai d. mun.;2015;542;1
Šalčininkai d. mun.;2016;535;2
Šalčininkai d. mun.;2017;494;2
Širvintos d. mun.;1994;386;5
Širvintos d. mun.;1995;391;2
Širvintos d. mun.;1996;337;3
Širvintos d. mun.;1997;356;4
Širvintos d. mun.;1998;353;7
Širvintos d. mun.;1999;295;4
Širvintos d. mun.;2000;340;0
Širvintos d. mun.;2001;291;0
Širvintos d. mun.;2002;322;2
Širvintos d. mun.;2003;302;0
Širvintos d. mun.;2004;281;1
Širvintos d. mun.;2005;329;1
Širvintos d. mun.;2006;328;2
Širvintos d. mun.;2007;374;0
Širvintos d. mun.;2008;349;0
Širvintos d. mun.;2009;323;1
Širvintos d. mun.;2010;311;2
Širvintos d. mun.;2011;321;2
Širvintos d. mun.;2012;277;1
Širvintos d. mun.;2013;298;2
Širvintos d. mun.;2014;322;0
Širvintos d. mun.;2015;276;0
Širvintos d. mun.;2016;259;1
Širvintos d. mun.;2017;266;1
Švenčionys d. mun.;1994;647;5
Švenčionys d. mun.;1995;598;4
Švenčionys d. mun.;1996;553;5
Švenčionys d. mun.;1997;569;3
Švenčionys d. mun.;1998;588;2
Švenčionys d. mun.;1999;545;5
Švenčionys d. mun.;2000;503;4
Švenčionys d. mun.;2001;529;4
Švenčionys d. mun.;2002;541;2
Švenčionys d. mun.;2003;529;0
Švenčionys d. mun.;2004;594;3
Švenčionys d. mun.;2005;622;2
Švenčionys d. mun.;2006;617;3
Švenčionys d. mun.;2007;630;2
Švenčionys d. mun.;2008;556;2
Švenčionys d. mun.;2009;572;1
Švenčionys d. mun.;2010;591;0
Švenčionys d. mun.;2011;539;4
Švenčionys d. mun.;2012;524;2
Švenčionys d. mun.;2013;581;3
Švenčionys d. mun.;2014;523;1
Švenčionys d. mun.;2015;526;3
Švenčionys d. mun.;2016;498;2
Švenčionys d. mun.;2017;504;1
Trakai d. mun.;1994;614;16
Trakai d. mun.;1995;623;13
Trakai d. mun.;1996;587;7
Trakai d. mun.;1997;572;5
Trakai d. mun.;1998;543;11
Trakai d. mun.;1999;501;7
Trakai d. mun.;2000;581;2
Trakai d. mun.;2001;532;4
Trakai d. mun.;2002;554;4
Trakai d. mun.;2003;522;1
Trakai d. mun.;2004;582;3
Trakai d. mun.;2005;579;1
Trakai d. mun.;2006;610;4
Trakai d. mun.;2007;628;1
Trakai d. mun.;2008;559;4
Trakai d. mun.;2009;553;1
Trakai d. mun.;2010;552;1
Trakai d. mun.;2011;494;1
Trakai d. mun.;2012;503;1
Trakai d. mun.;2013;551;3
Trakai d. mun.;2014;519;0
Trakai d. mun.;2015;539;0
Trakai d. mun.;2016;512;1
Trakai d. mun.;2017;486;1
Ukmergė d. mun.;1994;864;4
Ukmergė d. mun.;1995;870;7
Ukmergė d. mun.;1996;763;8
Ukmergė d. mun.;1997;757;6
Ukmergė d. mun.;1998;752;3
Ukmergė d. mun.;1999;773;6
Ukmergė d. mun.;2000;727;4
Ukmergė d. mun.;2001;742;2
Ukmergė d. mun.;2002;778;0
Ukmergė d. mun.;2003;733;2
Ukmergė d. mun.;2004;708;0
Ukmergė d. mun.;2005;764;2
Ukmergė d. mun.;2006;830;2
Ukmergė d. mun.;2007;887;3
Ukmergė d. mun.;2008;791;2
Ukmergė d. mun.;2009;723;2
Ukmergė d. mun.;2010;688;0
Ukmergė d. mun.;2011;688;3
Ukmergė d. mun.;2012;730;2
Ukmergė d. mun.;2013;742;0
Ukmergė d. mun.;2014;641;2
Ukmergė d. mun.;2015;720;2
Ukmergė d. mun.;2016;675;0
Ukmergė d. mun.;2017;660;0
Vilnius c. mun.;1994;5858;75
Vilnius c. mun.;1995;5708;72
Vilnius c. mun.;1996;5359;49
Vilnius c. mun.;1997;5168;39
Vilnius c. mun.;1998;4976;41
Vilnius c. mun.;1999;4869;31
Vilnius c. mun.;2000;4844;25
Vilnius c. mun.;2001;5045;28
Vilnius c. mun.;2002;5140;36
Vilnius c. mun.;2003;5367;26
Vilnius c. mun.;2004;5177;26
Vilnius c. mun.;2005;5515;34
Vilnius c. mun.;2006;6072;46
Vilnius c. mun.;2007;6166;37
Vilnius c. mun.;2008;5917;21
Vilnius c. mun.;2009;5761;37
Vilnius c. mun.;2010;5648;29
Vilnius c. mun.;2011;5682;20
Vilnius c. mun.;2012;5740;30
Vilnius c. mun.;2013;5812;14
Vilnius c. mun.;2014;5841;17
Vilnius c. mun.;2015;5890;28
Vilnius c. mun.;2016;5954;26
Vilnius c. mun.;2017;5692;21
Vilnius d. mun.;1994;1084;17
Vilnius d. mun.;1995;1169;17
Vilnius d. mun.;1996;1215;7
Vilnius d. mun.;1997;1184;11
Vilnius d. mun.;1998;1257;11
Vilnius d. mun.;1999;1165;7
Vilnius d. mun.;2000;1046;6
Vilnius d. mun.;2001;1239;4
Vilnius d. mun.;2002;1118;6
Vilnius d. mun.;2003;1072;4
Vilnius d. mun.;2004;1160;8
Vilnius d. mun.;2005;1241;8
Vilnius d. mun.;2006;1320;10
Vilnius d. mun.;2007;1302;6
Vilnius d. mun.;2008;1380;4
Vilnius d. mun.;2009;1207;8
Vilnius d. mun.;2010;1174;3
Vilnius d. mun.;2011;1110;4
Vilnius d. mun.;2012;1196;4
Vilnius d. mun.;2013;1182;6
Vilnius d. mun.;2014;1195;1
Vilnius d. mun.;2015;1229;4
Vilnius d. mun.;2016;1153;6
Vilnius d. mun.;2017;1103;4
Alytus county;1994;2582;32
Alytus county;1995;2509;35
Alytus county;1996;2381;22
Alytus county;1997;2336;24
Alytus county;1998;2216;17
Alytus county;1999;2277;17
Alytus county;2000;2244;21
Alytus county;2001;2275;19
Alytus county;2002;2359;17
Alytus county;2003;2311;10
Alytus county;2004;2370;16
Alytus county;2005;2651;8
Alytus county;2006;2655;11
Alytus county;2007;2614;11
Alytus county;2008;2498;14
Alytus county;2009;2331;17
Alytus county;2010;2407;6
Alytus county;2011;2288;7
Alytus county;2012;2382;7
Alytus county;2013;2332;6
Alytus county;2014;2291;4
Alytus county;2015;2292;8
Alytus county;2016;2294;7
Alytus county;2017;2324;3
Alytus t. mun.;1994;632;15
Alytus t. mun.;1995;530;12
Alytus t. mun.;1996;503;8
Alytus t. mun.;1997;522;8
Alytus t. mun.;1998;478;4
Alytus t. mun.;1999;485;5
Alytus t. mun.;2000;498;11
Alytus t. mun.;2001;498;6
Alytus t. mun.;2002;552;3
Alytus t. mun.;2003;537;3
Alytus t. mun.;2004;512;6
Alytus t. mun.;2005;653;3
Alytus t. mun.;2006;624;3
Alytus t. mun.;2007;686;7
Alytus t. mun.;2008;636;8
Alytus t. mun.;2009;582;5
Alytus t. mun.;2010;609;0
Alytus t. mun.;2011;634;5
Alytus t. mun.;2012;653;3
Alytus t. mun.;2013;613;2
Alytus t. mun.;2014;620;2
Alytus t. mun.;2015;664;3
Alytus t. mun.;2016;653;4
Alytus t. mun.;2017;637;0
Alytus d. mun.;1994;619;3
Alytus d. mun.;1995;574;7
Alytus d. mun.;1996;561;4
Alytus d. mun.;1997;559;4
Alytus d. mun.;1998;509;2
Alytus d. mun.;1999;560;1
Alytus d. mun.;2000;525;6
Alytus d. mun.;2001;564;4
Alytus d. mun.;2002;574;5
Alytus d. mun.;2003;466;2
Alytus d. mun.;2004;545;2
Alytus d. mun.;2005;621;1
Alytus d. mun.;2006;583;3
Alytus d. mun.;2007;579;2
Alytus d. mun.;2008;565;1
Alytus d. mun.;2009;492;3
Alytus d. mun.;2010;482;2
Alytus d. mun.;2011;491;0
Alytus d. mun.;2012;506;0
Alytus d. mun.;2013;515;2
Alytus d. mun.;2014;438;0
Alytus d. mun.;2015;484;1
Alytus d. mun.;2016;446;1
Alytus d. mun.;2017;504;2
Druskininkai mun.;1994;333;1
Druskininkai mun.;1995;335;2
Druskininkai mun.;1996;340;2
Druskininkai mun.;1997;308;1
Druskininkai mun.;1998;294;4
Druskininkai mun.;1999;323;1
Druskininkai mun.;2000;274;0
Druskininkai mun.;2001;288;3
Druskininkai mun.;2002;279;2
Druskininkai mun.;2003;293;2
Druskininkai mun.;2004;334;1
Druskininkai mun.;2005;314;0
Druskininkai mun.;2006;357;0
Druskininkai mun.;2007;338;0
Druskininkai mun.;2008;336;0
Druskininkai mun.;2009;301;0
Druskininkai mun.;2010;316;1
Druskininkai mun.;2011;292;0
Druskininkai mun.;2012;284;0
Druskininkai mun.;2013;330;1
Druskininkai mun.;2014;317;0
Druskininkai mun.;2015;308;0
Druskininkai mun.;2016;311;1
Druskininkai mun.;2017;306;0
Lazdijai d. mun.;1994;516;6
Lazdijai d. mun.;1995;543;7
Lazdijai d. mun.;1996;498;5
Lazdijai d. mun.;1997;483;8
Lazdijai d. mun.;1998;465;4
Lazdijai d. mun.;1999;445;5
Lazdijai d. mun.;2000;449;2
Lazdijai d. mun.;2001;457;4
Lazdijai d. mun.;2002;475;2
Lazdijai d. mun.;2003;481;0
Lazdijai d. mun.;2004;461;2
Lazdijai d. mun.;2005;512;1
Lazdijai d. mun.;2006;530;4
Lazdijai d. mun.;2007;471;1
Lazdijai d. mun.;2008;425;2
Lazdijai d. mun.;2009;468;6
Lazdijai d. mun.;2010;462;3
Lazdijai d. mun.;2011;423;0
Lazdijai d. mun.;2012;481;2
Lazdijai d. mun.;2013;414;0
Lazdijai d. mun.;2014;443;0
Lazdijai d. mun.;2015;388;1
Lazdijai d. mun.;2016;426;1
Lazdijai d. mun.;2017;425;0
Varėna d. mun.;1994;482;7
Varėna d. mun.;1995;527;7
Varėna d. mun.;1996;479;3
Varėna d. mun.;1997;464;3
Varėna d. mun.;1998;470;3
Varėna d. mun.;1999;464;5
Varėna d. mun.;2000;498;2
Varėna d. mun.;2001;468;2
Varėna d. mun.;2002;479;5
Varėna d. mun.;2003;534;3
Varėna d. mun.;2004;518;5
Varėna d. mun.;2005;551;3
Varėna d. mun.;2006;561;1
Varėna d. mun.;2007;540;1
Varėna d. mun.;2008;536;3
Varėna d. mun.;2009;488;3
Varėna d. mun.;2010;538;0
Varėna d. mun.;2011;448;2
Varėna d. mun.;2012;458;2
Varėna d. mun.;2013;460;1
Varėna d. mun.;2014;473;2
Varėna d. mun.;2015;448;3
Varėna d. mun.;2016;458;0
Varėna d. mun.;2017;452;1
Kaunas county;1994;9490;115
Kaunas county;1995;9381;96
Kaunas county;1996;8496;80
Kaunas county;1997;7999;91
Kaunas county;1998;8065;61
Kaunas county;1999;7716;72
Kaunas county;2000;7847;60
Kaunas county;2001;7961;51
Kaunas county;2002;7955;40
Kaunas county;2003;7998;48
Kaunas county;2004;8174;57
Kaunas county;2005;8471;43
Kaunas county;2006;8567;29
Kaunas county;2007;8831;36
Kaunas county;2008;8540;33
Kaunas county;2009;8201;42
Kaunas county;2010;8246;31
Kaunas county;2011;7985;33
Kaunas county;2012;8012;16
Kaunas county;2013;8042;6
Kaunas county;2014;7846;28
Kaunas county;2015;8468;22
Kaunas county;2016;8215;26
Kaunas county;2017;8012;18
Birštonas mun.;1994;72;1
Birštonas mun.;1995;81;0
Birštonas mun.;1996;70;0
Birštonas mun.;1997;67;0
Birštonas mun.;1998;78;0
Birštonas mun.;1999;85;3
Birštonas mun.;2000;64;0
Birštonas mun.;2001;72;1
Birštonas mun.;2002;78;0
Birštonas mun.;2003;74;0
Birštonas mun.;2004;73;0
Birštonas mun.;2005;82;0
Birštonas mun.;2006;70;0
Birštonas mun.;2007;99;0
Birštonas mun.;2008;59;0
Birštonas mun.;2009;65;0
Birštonas mun.;2010;77;0
Birštonas mun.;2011;78;0
Birštonas mun.;2012;57;0
Birštonas mun.;2013;87;0
Birštonas mun.;2014;57;0
Birštonas mun.;2015;69;0
Birštonas mun.;2016;56;0
Birštonas mun.;2017;76;1
Jonava d. mun.;1994;663;10
Jonava d. mun.;1995;632;10
Jonava d. mun.;1996;637;12
Jonava d. mun.;1997;610;15
Jonava d. mun.;1998;596;4
Jonava d. mun.;1999;589;7
Jonava d. mun.;2000;596;5
Jonava d. mun.;2001;586;4
Jonava d. mun.;2002;592;1
Jonava d. mun.;2003;648;4
Jonava d. mun.;2004;609;7
Jonava d. mun.;2005;611;7
Jonava d. mun.;2006;647;0
Jonava d. mun.;2007;719;7
Jonava d. mun.;2008;643;0
Jonava d. mun.;2009;641;4
Jonava d. mun.;2010;596;2
Jonava d. mun.;2011;604;3
Jonava d. mun.;2012;656;1
Jonava d. mun.;2013;645;0
Jonava d. mun.;2014;606;0
Jonava d. mun.;2015;625;4
Jonava d. mun.;2016;666;2
Jonava d. mun.;2017;599;1
Kaišiadorys d. mun.;1994;570;7
Kaišiadorys d. mun.;1995;571;7
Kaišiadorys d. mun.;1996;590;6
Kaišiadorys d. mun.;1997;523;6
Kaišiadorys d. mun.;1998;532;5
Kaišiadorys d. mun.;1999;473;1
Kaišiadorys d. mun.;2000;498;5
Kaišiadorys d. mun.;2001;496;1
Kaišiadorys d. mun.;2002;495;3
Kaišiadorys d. mun.;2003;503;4
Kaišiadorys d. mun.;2004;534;1
Kaišiadorys d. mun.;2005;593;3
Kaišiadorys d. mun.;2006;573;3
Kaišiadorys d. mun.;2007;609;3
Kaišiadorys d. mun.;2008;597;3
Kaišiadorys d. mun.;2009;524;2
Kaišiadorys d. mun.;2010;559;2
Kaišiadorys d. mun.;2011;520;1
Kaišiadorys d. mun.;2012;501;2
Kaišiadorys d. mun.;2013;523;0
Kaišiadorys d. mun.;2014;513;2
Kaišiadorys d. mun.;2015;506;0
Kaišiadorys d. mun.;2016;529;1
Kaišiadorys d. mun.;2017;490;0
Kaunas c. mun.;1994;4798;51
Kaunas c. mun.;1995;4760;52
Kaunas c. mun.;1996;4079;36
Kaunas c. mun.;1997;3920;42
Kaunas c. mun.;1998;3979;30
Kaunas c. mun.;1999;3726;35
Kaunas c. mun.;2000;3900;19
Kaunas c. mun.;2001;3946;18
Kaunas c. mun.;2002;3906;22
Kaunas c. mun.;2003;3852;20
Kaunas c. mun.;2004;3968;26
Kaunas c. mun.;2005;3993;14
Kaunas c. mun.;2006;4191;16
Kaunas c. mun.;2007;4194;15
Kaunas c. mun.;2008;4200;22
Kaunas c. mun.;2009;4057;18
Kaunas c. mun.;2010;4013;16
Kaunas c. mun.;2011;3921;9
Kaunas c. mun.;2012;4020;8
Kaunas c. mun.;2013;3906;4
Kaunas c. mun.;2014;3860;12
Kaunas c. mun.;2015;4158;10
Kaunas c. mun.;2016;4061;13
Kaunas c. mun.;2017;3968;10
Kaunas d. mun.;1994;989;24
Kaunas d. mun.;1995;905;7
Kaunas d. mun.;1996;930;8
Kaunas d. mun.;1997;835;13
Kaunas d. mun.;1998;810;7
Kaunas d. mun.;1999;825;10
Kaunas d. mun.;2000;804;12
Kaunas d. mun.;2001;813;11
Kaunas d. mun.;2002;800;3
Kaunas d. mun.;2003;801;4
Kaunas d. mun.;2004;915;10
Kaunas d. mun.;2005;937;7
Kaunas d. mun.;2006;925;1
Kaunas d. mun.;2007;973;2
Kaunas d. mun.;2008;918;2
Kaunas d. mun.;2009;893;6
Kaunas d. mun.;2010;939;4
Kaunas d. mun.;2011;934;5
Kaunas d. mun.;2012;936;4
Kaunas d. mun.;2013;940;0
Kaunas d. mun.;2014;948;5
Kaunas d. mun.;2015;1068;2
Kaunas d. mun.;2016;995;5
Kaunas d. mun.;2017;993;3
Kėdainiai d. mun.;1994;1031;11
Kėdainiai d. mun.;1995;979;10
Kėdainiai d. mun.;1996;920;11
Kėdainiai d. mun.;1997;813;7
Kėdainiai d. mun.;1998;830;6
Kėdainiai d. mun.;1999;824;8
Kėdainiai d. mun.;2000;851;13
Kėdainiai d. mun.;2001;845;8
Kėdainiai d. mun.;2002;877;8
Kėdainiai d. mun.;2003;869;8
Kėdainiai d. mun.;2004;835;6
Kėdainiai d. mun.;2005;950;4
Kėdainiai d. mun.;2006;894;5
Kėdainiai d. mun.;2007;893;3
Kėdainiai d. mun.;2008;916;4
Kėdainiai d. mun.;2009;893;4
Kėdainiai d. mun.;2010;860;5
Kėdainiai d. mun.;2011;796;5
Kėdainiai d. mun.;2012;754;0
Kėdainiai d. mun.;2013;825;2
Kėdainiai d. mun.;2014;833;4
Kėdainiai d. mun.;2015;834;4
Kėdainiai d. mun.;2016;789;1
Kėdainiai d. mun.;2017;819;2
Prienai d. mun.;1994;632;6
Prienai d. mun.;1995;699;3
Prienai d. mun.;1996;604;6
Prienai d. mun.;1997;546;2
Prienai d. mun.;1998;560;6
Prienai d. mun.;1999;551;1
Prienai d. mun.;2000;508;3
Prienai d. mun.;2001;582;2
Prienai d. mun.;2002;574;1
Prienai d. mun.;2003;560;2
Prienai d. mun.;2004;573;2
Prienai d. mun.;2005;641;5
Prienai d. mun.;2006;608;3
Prienai d. mun.;2007;641;4
Prienai d. mun.;2008;569;1
Prienai d. mun.;2009;527;1
Prienai d. mun.;2010;552;1
Prienai d. mun.;2011;541;8
Prienai d. mun.;2012;483;0
Prienai d. mun.;2013;544;0
Prienai d. mun.;2014;488;2
Prienai d. mun.;2015;554;1
Prienai d. mun.;2016;508;1
Prienai d. mun.;2017;500;1
Raseiniai d. mun.;1994;735;5
Raseiniai d. mun.;1995;754;7
Raseiniai d. mun.;1996;666;1
Raseiniai d. mun.;1997;685;6
Raseiniai d. mun.;1998;680;3
Raseiniai d. mun.;1999;643;7
Raseiniai d. mun.;2000;626;3
Raseiniai d. mun.;2001;621;6
Raseiniai d. mun.;2002;633;2
Raseiniai d. mun.;2003;691;6
Raseiniai d. mun.;2004;667;5
Raseiniai d. mun.;2005;664;3
Raseiniai d. mun.;2006;659;1
Raseiniai d. mun.;2007;703;2
Raseiniai d. mun.;2008;638;1
Raseiniai d. mun.;2009;601;7
Raseiniai d. mun.;2010;650;1
Raseiniai d. mun.;2011;591;2
Raseiniai d. mun.;2012;605;1
Raseiniai d. mun.;2013;572;0
Raseiniai d. mun.;2014;541;3
Raseiniai d. mun.;2015;654;1
Raseiniai d. mun.;2016;611;3
Raseiniai d. mun.;2017;567;0
Klaipėda county;1994;4414;68
Klaipėda county;1995;4311;62
Klaipėda county;1996;4180;55
Klaipėda county;1997;3949;39
Klaipėda county;1998;3821;44
Klaipėda county;1999;4048;36
Klaipėda county;2000;3680;41
Klaipėda county;2001;4075;28
Klaipėda county;2002;4112;32
Klaipėda county;2003;4065;17
Klaipėda county;2004;4137;28
Klaipėda county;2005;4476;22
Klaipėda county;2006;4560;27
Klaipėda county;2007;4647;20
Klaipėda county;2008;4490;16
Klaipėda county;2009;4373;13
Klaipėda county;2010;4359;17
Klaipėda county;2011;4408;18
Klaipėda county;2012;4212;12
Klaipėda county;2013;4368;15
Klaipėda county;2014;4195;15
Klaipėda county;2015;4369;19
Klaipėda county;2016;4415;13
Klaipėda county;2017;4281;13
Klaipėda c. mun.;1994;2013;29
Klaipėda c. mun.;1995;1980;24
Klaipėda c. mun.;1996;1779;20
Klaipėda c. mun.;1997;1680;15
Klaipėda c. mun.;1998;1648;14
Klaipėda c. mun.;1999;1655;14
Klaipėda c. mun.;2000;1656;17
Klaipėda c. mun.;2001;1831;15
Klaipėda c. mun.;2002;1813;13
Klaipėda c. mun.;2003;1779;6
Klaipėda c. mun.;2004;1839;14
Klaipėda c. mun.;2005;1923;8
Klaipėda c. mun.;2006;2092;12
Klaipėda c. mun.;2007;2099;9
Klaipėda c. mun.;2008;2084;10
Klaipėda c. mun.;2009;2011;4
Klaipėda c. mun.;2010;1954;7
Klaipėda c. mun.;2011;2059;7
Klaipėda c. mun.;2012;2001;4
Klaipėda c. mun.;2013;2039;8
Klaipėda c. mun.;2014;1987;8
Klaipėda c. mun.;2015;2088;12
Klaipėda c. mun.;2016;2089;4
Klaipėda c. mun.;2017;2016;4
Klaipėda d. mun.;1994;490;8
Klaipėda d. mun.;1995;528;13
Klaipėda d. mun.;1996;590;9
Klaipėda d. mun.;1997;538;2
Klaipėda d. mun.;1998;504;4
Klaipėda d. mun.;1999;547;6
Klaipėda d. mun.;2000;471;5
Klaipėda d. mun.;2001;491;1
Klaipėda d. mun.;2002;500;4
Klaipėda d. mun.;2003;531;0
Klaipėda d. mun.;2004;529;4
Klaipėda d. mun.;2005;602;2
Klaipėda d. mun.;2006;609;3
Klaipėda d. mun.;2007;608;2
Klaipėda d. mun.;2008;581;1
Klaipėda d. mun.;2009;583;2
Klaipėda d. mun.;2010;589;5
Klaipėda d. mun.;2011;601;3
Klaipėda d. mun.;2012;596;4
Klaipėda d. mun.;2013;610;1
Klaipėda d. mun.;2014;569;1
Klaipėda d. mun.;2015;556;1
Klaipėda d. mun.;2016;573;3
Klaipėda d. mun.;2017;577;0
Kretinga d. mun.;1994;622;8
Kretinga d. mun.;1995;616;4
Kretinga d. mun.;1996;607;5
Kretinga d. mun.;1997;557;3
Kretinga d. mun.;1998;514;9
Kretinga d. mun.;1999;565;3
Kretinga d. mun.;2000;462;7
Kretinga d. mun.;2001;551;3
Kretinga d. mun.;2002;535;2
Kretinga d. mun.;2003;534;1
Kretinga d. mun.;2004;575;3
Kretinga d. mun.;2005;617;5
Kretinga d. mun.;2006;594;6
Kretinga d. mun.;2007;606;3
Kretinga d. mun.;2008;574;2
Kretinga d. mun.;2009;588;2
Kretinga d. mun.;2010;581;3
Kretinga d. mun.;2011;545;1
Kretinga d. mun.;2012;472;1
Kretinga d. mun.;2013;499;2
Kretinga d. mun.;2014;505;3
Kretinga d. mun.;2015;529;2
Kretinga d. mun.;2016;565;2
Kretinga d. mun.;2017;537;4
Neringa mun.;1994;29;0
Neringa mun.;1995;34;0
Neringa mun.;1996;21;0
Neringa mun.;1997;30;0
Neringa mun.;1998;15;0
Neringa mun.;1999;32;0
Neringa mun.;2000;26;0
Neringa mun.;2001;36;0
Neringa mun.;2002;24;0
Neringa mun.;2003;15;0
Neringa mun.;2004;19;0
Neringa mun.;2005;34;0
Neringa mun.;2006;27;0
Neringa mun.;2007;25;0
Neringa mun.;2008;30;0
Neringa mun.;2009;40;0
Neringa mun.;2010;42;0
Neringa mun.;2011;34;0
Neringa mun.;2012;26;0
Neringa mun.;2013;30;0
Neringa mun.;2014;35;0
Neringa mun.;2015;25;0
Neringa mun.;2016;33;0
Neringa mun.;2017;31;0
Palanga t. mun.;1994;174;0
Palanga t. mun.;1995;174;3
Palanga t. mun.;1996;172;1
Palanga t. mun.;1997;180;0
Palanga t. mun.;1998;179;1
Palanga t. mun.;1999;182;2
Palanga t. mun.;2000;140;3
Palanga t. mun.;2001;168;0
Palanga t. mun.;2002;187;1
Palanga t. mun.;2003;173;1
Palanga t. mun.;2004;170;0
Palanga t. mun.;2005;178;1
Palanga t. mun.;2006;185;0
Palanga t. mun.;2007;195;1
Palanga t. mun.;2008;236;0
Palanga t. mun.;2009;186;1
Palanga t. mun.;2010;203;0
Palanga t. mun.;2011;201;1
Palanga t. mun.;2012;211;0
Palanga t. mun.;2013;227;1
Palanga t. mun.;2014;226;0
Palanga t. mun.;2015;236;0
Palanga t. mun.;2016;227;0
Palanga t. mun.;2017;237;1
Skuodas d. mun.;1994;404;5
Skuodas d. mun.;1995;336;2
Skuodas d. mun.;1996;368;7
Skuodas d. mun.;1997;364;6
Skuodas d. mun.;1998;343;4
Skuodas d. mun.;1999;408;2
Skuodas d. mun.;2000;338;4
Skuodas d. mun.;2001;368;1
Skuodas d. mun.;2002;341;4
Skuodas d. mun.;2003;368;3
Skuodas d. mun.;2004;334;3
Skuodas d. mun.;2005;363;2
Skuodas d. mun.;2006;340;1
Skuodas d. mun.;2007;331;1
Skuodas d. mun.;2008;339;0
Skuodas d. mun.;2009;302;0
Skuodas d. mun.;2010;363;0
Skuodas d. mun.;2011;324;2
Skuodas d. mun.;2012;317;0
Skuodas d. mun.;2013;346;0
Skuodas d. mun.;2014;286;0
Skuodas d. mun.;2015;334;1
Skuodas d. mun.;2016;301;0
Skuodas d. mun.;2017;304;0
Šilutė d. mun.;1994;682;18
Šilutė d. mun.;1995;643;16
Šilutė d. mun.;1996;643;13
Šilutė d. mun.;1997;600;13
Šilutė d. mun.;1998;618;12
Šilutė d. mun.;1999;659;9
Šilutė d. mun.;2000;587;5
Šilutė d. mun.;2001;630;8
Šilutė d. mun.;2002;712;8
Šilutė d. mun.;2003;665;6
Šilutė d. mun.;2004;671;4
Šilutė d. mun.;2005;759;4
Šilutė d. mun.;2006;713;5
Šilutė d. mun.;2007;783;4
Šilutė d. mun.;2008;646;3
Šilutė d. mun.;2009;663;4
Šilutė d. mun.;2010;627;2
Šilutė d. mun.;2011;644;4
Šilutė d. mun.;2012;589;3
Šilutė d. mun.;2013;617;3
Šilutė d. mun.;2014;587;3
Šilutė d. mun.;2015;601;3
Šilutė d. mun.;2016;627;4
Šilutė d. mun.;2017;579;4
Marijampolė county;1994;2786;28
Marijampolė county;1995;2709;25
Marijampolė county;1996;2512;19
Marijampolė county;1997;2346;25
Marijampolė county;1998;2345;16
Marijampolė county;1999;2358;21
Marijampolė county;2000;2293;15
Marijampolė county;2001;2349;16
Marijampolė county;2002;2424;15
Marijampolė county;2003;2397;16
Marijampolė county;2004;2471;13
Marijampolė county;2005;2507;14
Marijampolė county;2006;2523;8
Marijampolė county;2007;2567;14
Marijampolė county;2008;2348;10
Marijampolė county;2009;2344;10
Marijampolė county;2010;2346;8
Marijampolė county;2011;2267;6
Marijampolė county;2012;2300;5
Marijampolė county;2013;2376;5
Marijampolė county;2014;2324;3
Marijampolė county;2015;2370;6
Marijampolė county;2016;2239;3
Marijampolė county;2017;2194;4
Kalvarija mun.;1994;234;
Kalvarija mun.;1995;228;
Kalvarija mun.;1996;224;
Kalvarija mun.;1997;213;
Kalvarija mun.;1998;226;
Kalvarija mun.;1999;219;
Kalvarija mun.;2000;223;0
Kalvarija mun.;2001;221;2
Kalvarija mun.;2002;217;3
Kalvarija mun.;2003;226;0
Kalvarija mun.;2004;220;0
Kalvarija mun.;2005;210;2
Kalvarija mun.;2006;232;0
Kalvarija mun.;2007;240;3
Kalvarija mun.;2008;210;1
Kalvarija mun.;2009;198;2
Kalvarija mun.;2010;191;2
Kalvarija mun.;2011;188;0
Kalvarija mun.;2012;167;0
Kalvarija mun.;2013;175;0
Kalvarija mun.;2014;189;0
Kalvarija mun.;2015;187;0
Kalvarija mun.;2016;179;0
Kalvarija mun.;2017;187;0
Kazlų Rūda mun.;1994;208;
Kazlų Rūda mun.;1995;211;
Kazlų Rūda mun.;1996;218;
Kazlų Rūda mun.;1997;199;
Kazlų Rūda mun.;1998;192;
Kazlų Rūda mun.;1999;198;
Kazlų Rūda mun.;2000;162;0
Kazlų Rūda mun.;2001;205;1
Kazlų Rūda mun.;2002;204;2
Kazlų Rūda mun.;2003;176;1
Kazlų Rūda mun.;2004;198;1
Kazlų Rūda mun.;2005;211;2
Kazlų Rūda mun.;2006;228;2
Kazlų Rūda mun.;2007;222;1
Kazlų Rūda mun.;2008;196;3
Kazlų Rūda mun.;2009;218;1
Kazlų Rūda mun.;2010;198;1
Kazlų Rūda mun.;2011;202;0
Kazlų Rūda mun.;2012;196;0
Kazlų Rūda mun.;2013;186;1
Kazlų Rūda mun.;2014;190;0
Kazlų Rūda mun.;2015;202;1
Kazlų Rūda mun.;2016;184;0
Kazlų Rūda mun.;2017;192;1
Marijampolė mun.;1994;895;4
Marijampolė mun.;1995;815;2
Marijampolė mun.;1996;801;5
Marijampolė mun.;1997;749;6
Marijampolė mun.;1998;761;3
Marijampolė mun.;1999;711;2
Marijampolė mun.;2000;718;6
Marijampolė mun.;2001;710;5
Marijampolė mun.;2002;740;1
Marijampolė mun.;2003;755;5
Marijampolė mun.;2004;763;6
Marijampolė mun.;2005;754;5
Marijampolė mun.;2006;792;1
Marijampolė mun.;2007;824;2
Marijampolė mun.;2008;737;2
Marijampolė mun.;2009;747;3
Marijampolė mun.;2010;793;3
Marijampolė mun.;2011;751;1
Marijampolė mun.;2012;761;2
Marijampolė mun.;2013;793;2
Marijampolė mun.;2014;791;2
Marijampolė mun.;2015;790;1
Marijampolė mun.;2016;760;2
Marijampolė mun.;2017;732;2
Šakiai d. mun.;1994;686;9
Šakiai d. mun.;1995;648;9
Šakiai d. mun.;1996;587;3
Šakiai d. mun.;1997;540;5
Šakiai d. mun.;1998;542;3
Šakiai d. mun.;1999;573;6
Šakiai d. mun.;2000;529;2
Šakiai d. mun.;2001;531;2
Šakiai d. mun.;2002;562;5
Šakiai d. mun.;2003;581;5
Šakiai d. mun.;2004;576;1
Šakiai d. mun.;2005;619;2
Šakiai d. mun.;2006;581;3
Šakiai d. mun.;2007;564;4
Šakiai d. mun.;2008;571;2
Šakiai d. mun.;2009;514;4
Šakiai d. mun.;2010;526;0
Šakiai d. mun.;2011;496;1
Šakiai d. mun.;2012;533;0
Šakiai d. mun.;2013;531;1
Šakiai d. mun.;2014;530;0
Šakiai d. mun.;2015;516;3
Šakiai d. mun.;2016;510;0
Šakiai d. mun.;2017;483;1
Vilkaviškis d. mun.;1994;763;10
Vilkaviškis d. mun.;1995;807;8
Vilkaviškis d. mun.;1996;682;4
Vilkaviškis d. mun.;1997;645;9
Vilkaviškis d. mun.;1998;624;6
Vilkaviškis d. mun.;1999;657;6
Vilkaviškis d. mun.;2000;661;7
Vilkaviškis d. mun.;2001;682;6
Vilkaviškis d. mun.;2002;701;4
Vilkaviškis d. mun.;2003;659;5
Vilkaviškis d. mun.;2004;714;5
Vilkaviškis d. mun.;2005;713;3
Vilkaviškis d. mun.;2006;690;2
Vilkaviškis d. mun.;2007;717;4
Vilkaviškis d. mun.;2008;634;2
Vilkaviškis d. mun.;2009;667;0
Vilkaviškis d. mun.;2010;638;2
Vilkaviškis d. mun.;2011;630;4
Vilkaviškis d. mun.;2012;643;3
Vilkaviškis d. mun.;2013;691;1
Vilkaviškis d. mun.;2014;624;1
Vilkaviškis d. mun.;2015;675;1
Vilkaviškis d. mun.;2016;606;1
Vilkaviškis d. mun.;2017;600;0
Panevėžys county;1994;4431;47
Panevėžys county;1995;4195;46
Panevėžys county;1996;4003;33
Panevėžys county;1997;3840;34
Panevėžys county;1998;3834;29
Panevėžys county;1999;3764;23
Panevėžys county;2000;3618;22
Panevėžys county;2001;3828;20
Panevėžys county;2002;3724;15
Panevėžys county;2003;3745;16
Panevėžys county;2004;3741;20
Panevėžys county;2005;3895;21
Panevėžys county;2006;3862;12
Panevėžys county;2007;4022;8
Panevėžys county;2008;4053;14
Panevėžys county;2009;3870;8
Panevėžys county;2010;3846;9
Panevėžys county;2011;3741;7
Panevėžys county;2012;3697;7
Panevėžys county;2013;3584;11
Panevėžys county;2014;3547;13
Panevėžys county;2015;3748;13
Panevėžys county;2016;3719;13
Panevėžys county;2017;3630;2
Biržai d. mun.;1994;635;5
Biržai d. mun.;1995;559;5
Biržai d. mun.;1996;577;6
Biržai d. mun.;1997;562;6
Biržai d. mun.;1998;533;2
Biržai d. mun.;1999;512;1
Biržai d. mun.;2000;496;2
Biržai d. mun.;2001;521;2
Biržai d. mun.;2002;492;3
Biržai d. mun.;2003;475;0
Biržai d. mun.;2004;485;2
Biržai d. mun.;2005;556;2
Biržai d. mun.;2006;499;1
Biržai d. mun.;2007;540;1
Biržai d. mun.;2008;530;1
Biržai d. mun.;2009;557;0
Biržai d. mun.;2010;541;1
Biržai d. mun.;2011;456;3
Biržai d. mun.;2012;473;1
Biržai d. mun.;2013;494;1
Biržai d. mun.;2014;498;1
Biržai d. mun.;2015;474;3
Biržai d. mun.;2016;476;3
Biržai d. mun.;2017;455;0
Kupiškis d. mun.;1994;422;5
Kupiškis d. mun.;1995;425;1
Kupiškis d. mun.;1996;405;3
Kupiškis d. mun.;1997;362;2
Kupiškis d. mun.;1998;355;2
Kupiškis d. mun.;1999;353;6
Kupiškis d. mun.;2000;343;3
Kupiškis d. mun.;2001;359;2
Kupiškis d. mun.;2002;347;3
Kupiškis d. mun.;2003;366;0
Kupiškis d. mun.;2004;381;4
Kupiškis d. mun.;2005;331;3
Kupiškis d. mun.;2006;355;1
Kupiškis d. mun.;2007;388;2
Kupiškis d. mun.;2008;401;1
Kupiškis d. mun.;2009;349;3
Kupiškis d. mun.;2010;368;0
Kupiškis d. mun.;2011;358;0
Kupiškis d. mun.;2012;356;0
Kupiškis d. mun.;2013;330;3
Kupiškis d. mun.;2014;358;3
Kupiškis d. mun.;2015;377;1
Kupiškis d. mun.;2016;330;0
Kupiškis d. mun.;2017;291;0
Panevėžys c. mun.;1994;1273;15
Panevėžys c. mun.;1995;1208;15
Panevėžys c. mun.;1996;1110;10
Panevėžys c. mun.;1997;1084;8
Panevėžys c. mun.;1998;1107;11
Panevėžys c. mun.;1999;1071;7
Panevėžys c. mun.;2000;1049;9
Panevėžys c. mun.;2001;1153;7
Panevėžys c. mun.;2002;1092;1
Panevėžys c. mun.;2003;1094;3
Panevėžys c. mun.;2004;1157;8
Panevėžys c. mun.;2005;1160;7
Panevėžys c. mun.;2006;1189;6
Panevėžys c. mun.;2007;1238;2
Panevėžys c. mun.;2008;1223;8
Panevėžys c. mun.;2009;1173;0
Panevėžys c. mun.;2010;1238;2
Panevėžys c. mun.;2011;1225;2
Panevėžys c. mun.;2012;1246;2
Panevėžys c. mun.;2013;1179;4
Panevėžys c. mun.;2014;1121;3
Panevėžys c. mun.;2015;1233;6
Panevėžys c. mun.;2016;1297;8
Panevėžys c. mun.;2017;1240;1
Panevėžys d. mun.;1994;731;7
Panevėžys d. mun.;1995;725;16
Panevėžys d. mun.;1996;670;7
Panevėžys d. mun.;1997;654;5
Panevėžys d. mun.;1998;624;7
Panevėžys d. mun.;1999;682;3
Panevėžys d. mun.;2000;588;5
Panevėžys d. mun.;2001;660;2
Panevėžys d. mun.;2002;642;4
Panevėžys d. mun.;2003;636;8
Panevėžys d. mun.;2004;559;2
Panevėžys d. mun.;2005;596;5
Panevėžys d. mun.;2006;658;4
Panevėžys d. mun.;2007;632;0
Panevėžys d. mun.;2008;634;1
Panevėžys d. mun.;2009;629;4
Panevėžys d. mun.;2010;611;2
Panevėžys d. mun.;2011;556;0
Panevėžys d. mun.;2012;533;1
Panevėžys d. mun.;2013;526;1
Panevėžys d. mun.;2014;505;2
Panevėžys d. mun.;2015;569;0
Panevėžys d. mun.;2016;574;1
Panevėžys d. mun.;2017;579;1
Pasvalys d. mun.;1994;580;10
Pasvalys d. mun.;1995;538;2
Pasvalys d. mun.;1996;546;3
Pasvalys d. mun.;1997;510;8
Pasvalys d. mun.;1998;545;5
Pasvalys d. mun.;1999;503;1
Pasvalys d. mun.;2000;483;0
Pasvalys d. mun.;2001;469;5
Pasvalys d. mun.;2002;519;0
Pasvalys d. mun.;2003;480;4
Pasvalys d. mun.;2004;497;1
Pasvalys d. mun.;2005;516;2
Pasvalys d. mun.;2006;521;0
Pasvalys d. mun.;2007;543;1
Pasvalys d. mun.;2008;551;2
Pasvalys d. mun.;2009;501;1
Pasvalys d. mun.;2010;501;1
Pasvalys d. mun.;2011;511;1
Pasvalys d. mun.;2012;482;1
Pasvalys d. mun.;2013;431;2
Pasvalys d. mun.;2014;437;0
Pasvalys d. mun.;2015;491;1
Pasvalys d. mun.;2016;432;0
Pasvalys d. mun.;2017;435;0
Rokiškis d. mun.;1994;790;5
Rokiškis d. mun.;1995;740;7
Rokiškis d. mun.;1996;695;4
Rokiškis d. mun.;1997;668;5
Rokiškis d. mun.;1998;670;2
Rokiškis d. mun.;1999;643;5
Rokiškis d. mun.;2000;659;3
Rokiškis d. mun.;2001;666;2
Rokiškis d. mun.;2002;632;4
Rokiškis d. mun.;2003;694;1
Rokiškis d. mun.;2004;662;3
Rokiškis d. mun.;2005;736;2
Rokiškis d. mun.;2006;640;0
Rokiškis d. mun.;2007;681;2
Rokiškis d. mun.;2008;714;1
Rokiškis d. mun.;2009;661;0
Rokiškis d. mun.;2010;587;3
Rokiškis d. mun.;2011;635;1
Rokiškis d. mun.;2012;607;2
Rokiškis d. mun.;2013;624;0
Rokiškis d. mun.;2014;628;4
Rokiškis d. mun.;2015;604;2
Rokiškis d. mun.;2016;610;1
Rokiškis d. mun.;2017;630;0
Šiauliai county;1994;5109;95
Šiauliai county;1995;4871;52
Šiauliai county;1996;4639;50
Šiauliai county;1997;4426;42
Šiauliai county;1998;4480;45
Šiauliai county;1999;4426;35
Šiauliai county;2000;4281;43
Šiauliai county;2001;4312;32
Šiauliai county;2002;4563;32
Šiauliai county;2003;4409;23
Šiauliai county;2004;4486;28
Šiauliai county;2005;4752;28
Šiauliai county;2006;4925;23
Šiauliai county;2007;4918;22
Šiauliai county;2008;4635;22
Šiauliai county;2009;4427;23
Šiauliai county;2010;4478;21
Šiauliai county;2011;4301;8
Šiauliai county;2012;4393;9
Šiauliai county;2013;4382;16
Šiauliai county;2014;4113;14
Šiauliai county;2015;4332;13
Šiauliai county;2016;4193;16
Šiauliai county;2017;4195;4
Akmenė d. mun.;1994;419;12
Akmenė d. mun.;1995;427;9
Akmenė d. mun.;1996;393;8
Akmenė d. mun.;1997;370;6
Akmenė d. mun.;1998;368;5
Akmenė d. mun.;1999;400;2
Akmenė d. mun.;2000;393;2
Akmenė d. mun.;2001;400;3
Akmenė d. mun.;2002;456;8
Akmenė d. mun.;2003;410;0
Akmenė d. mun.;2004;429;4
Akmenė d. mun.;2005;469;2
Akmenė d. mun.;2006;439;4
Akmenė d. mun.;2007;479;2
Akmenė d. mun.;2008;391;3
Akmenė d. mun.;2009;372;2
Akmenė d. mun.;2010;383;0
Akmenė d. mun.;2011;379;0
Akmenė d. mun.;2012;389;0
Akmenė d. mun.;2013;361;0
Akmenė d. mun.;2014;329;3
Akmenė d. mun.;2015;358;1
Akmenė d. mun.;2016;374;2
Akmenė d. mun.;2017;353;0
Joniškis d. mun.;1994;483;6
Joniškis d. mun.;1995;482;5
Joniškis d. mun.;1996;472;5
Joniškis d. mun.;1997;448;3
Joniškis d. mun.;1998;443;3
Joniškis d. mun.;1999;420;5
Joniškis d. mun.;2000;417;4
Joniškis d. mun.;2001;413;0
Joniškis d. mun.;2002;432;3
Joniškis d. mun.;2003;403;0
Joniškis d. mun.;2004;400;3
Joniškis d. mun.;2005;436;2
Joniškis d. mun.;2006;450;0
Joniškis d. mun.;2007;465;2
Joniškis d. mun.;2008;433;2
Joniškis d. mun.;2009;406;4
Joniškis d. mun.;2010;423;1
Joniškis d. mun.;2011;429;0
Joniškis d. mun.;2012;432;0
Joniškis d. mun.;2013;417;1
Joniškis d. mun.;2014;356;1
Joniškis d. mun.;2015;399;1
Joniškis d. mun.;2016;401;4
Joniškis d. mun.;2017;412;0
Kelmė d. mun.;1994;663;7
Kelmė d. mun.;1995;640;6
Kelmė d. mun.;1996;656;6
Kelmė d. mun.;1997;593;4
Kelmė d. mun.;1998;562;6
Kelmė d. mun.;1999;566;3
Kelmė d. mun.;2000;521;6
Kelmė d. mun.;2001;517;4
Kelmė d. mun.;2002;540;4
Kelmė d. mun.;2003;570;5
Kelmė d. mun.;2004;540;4
Kelmė d. mun.;2005;567;4
Kelmė d. mun.;2006;610;3
Kelmė d. mun.;2007;602;1
Kelmė d. mun.;2008;595;4
Kelmė d. mun.;2009;566;2
Kelmė d. mun.;2010;565;1
Kelmė d. mun.;2011;496;2
Kelmė d. mun.;2012;529;2
Kelmė d. mun.;2013;548;0
Kelmė d. mun.;2014;536;2
Kelmė d. mun.;2015;542;1
Kelmė d. mun.;2016;498;2
Kelmė d. mun.;2017;512;0
Pakruojis d. mun.;1994;545;10
Pakruojis d. mun.;1995;512;5
Pakruojis d. mun.;1996;459;7
Pakruojis d. mun.;1997;431;5
Pakruojis d. mun.;1998;430;3
Pakruojis d. mun.;1999;410;3
Pakruojis d. mun.;2000;376;2
Pakruojis d. mun.;2001;440;5
Pakruojis d. mun.;2002;421;1
Pakruojis d. mun.;2003;411;5
Pakruojis d. mun.;2004;439;2
Pakruojis d. mun.;2005;434;2
Pakruojis d. mun.;2006;452;4
Pakruojis d. mun.;2007;466;2
Pakruojis d. mun.;2008;429;1
Pakruojis d. mun.;2009;409;4
Pakruojis d. mun.;2010;373;1
Pakruojis d. mun.;2011;396;3
Pakruojis d. mun.;2012;395;0
Pakruojis d. mun.;2013;379;4
Pakruojis d. mun.;2014;377;1
Pakruojis d. mun.;2015;374;0
Pakruojis d. mun.;2016;326;1
Pakruojis d. mun.;2017;377;1
Radviliškis d. mun.;1994;826;19
Radviliškis d. mun.;1995;762;8
Radviliškis d. mun.;1996;761;4
Radviliškis d. mun.;1997;679;8
Radviliškis d. mun.;1998;781;5
Radviliškis d. mun.;1999;717;3
Radviliškis d. mun.;2000;728;10
Radviliškis d. mun.;2001;656;1
Radviliškis d. mun.;2002;725;6
Radviliškis d. mun.;2003;676;3
Radviliškis d. mun.;2004;725;6
Radviliškis d. mun.;2005;717;5
Radviliškis d. mun.;2006;791;3
Radviliškis d. mun.;2007;736;8
Radviliškis d. mun.;2008;723;3
Radviliškis d. mun.;2009;697;4
Radviliškis d. mun.;2010;742;9
Radviliškis d. mun.;2011;675;0
Radviliškis d. mun.;2012;706;4
Radviliškis d. mun.;2013;701;3
Radviliškis d. mun.;2014;626;1
Radviliškis d. mun.;2015;651;2
Radviliškis d. mun.;2016;658;2
Radviliškis d. mun.;2017;613;1
Šiauliai c. mun.;1994;1372;29
Šiauliai c. mun.;1995;1294;14
Šiauliai c. mun.;1996;1166;13
Šiauliai c. mun.;1997;1231;10
Šiauliai c. mun.;1998;1215;13
Šiauliai c. mun.;1999;1249;15
Šiauliai c. mun.;2000;1195;14
Šiauliai c. mun.;2001;1261;16
Šiauliai c. mun.;2002;1280;6
Šiauliai c. mun.;2003;1248;4
Šiauliai c. mun.;2004;1305;6
Šiauliai c. mun.;2005;1380;7
Šiauliai c. mun.;2006;1446;6
Šiauliai c. mun.;2007;1445;6
Šiauliai c. mun.;2008;1377;6
Šiauliai c. mun.;2009;1324;3
Šiauliai c. mun.;2010;1373;6
Šiauliai c. mun.;2011;1325;2
Šiauliai c. mun.;2012;1323;2
Šiauliai c. mun.;2013;1357;3
Šiauliai c. mun.;2014;1325;3
Šiauliai c. mun.;2015;1438;5
Šiauliai c. mun.;2016;1322;5
Šiauliai c. mun.;2017;1308;2
Šiauliai d. mun.;1994;801;12
Šiauliai d. mun.;1995;754;5
Šiauliai d. mun.;1996;732;7
Šiauliai d. mun.;1997;674;6
Šiauliai d. mun.;1998;681;10
Šiauliai d. mun.;1999;664;4
Šiauliai d. mun.;2000;651;5
Šiauliai d. mun.;2001;625;3
Šiauliai d. mun.;2002;709;4
Šiauliai d. mun.;2003;691;6
Šiauliai d. mun.;2004;648;3
Šiauliai d. mun.;2005;749;6
Šiauliai d. mun.;2006;737;3
Šiauliai d. mun.;2007;725;1
Šiauliai d. mun.;2008;687;3
Šiauliai d. mun.;2009;653;4
Šiauliai d. mun.;2010;619;3
Šiauliai d. mun.;2011;601;1
Šiauliai d. mun.;2012;619;1
Šiauliai d. mun.;2013;619;5
Šiauliai d. mun.;2014;564;3
Šiauliai d. mun.;2015;570;3
Šiauliai d. mun.;2016;614;0
Šiauliai d. mun.;2017;620;0
Tauragė county;1994;1974;29
Tauragė county;1995;1882;17
Tauragė county;1996;1857;9
Tauragė county;1997;1766;18
Tauragė county;1998;1661;19
Tauragė county;1999;1785;10
Tauragė county;2000;1541;12
Tauragė county;2001;1669;16
Tauragė county;2002;1755;9
Tauragė county;2003;1747;13
Tauragė county;2004;1834;7
Tauragė county;2005;1897;4
Tauragė county;2006;1932;10
Tauragė county;2007;1809;6
Tauragė county;2008;1730;6
Tauragė county;2009;1690;5
Tauragė county;2010;1764;9
Tauragė county;2011;1691;11
Tauragė county;2012;1606;4
Tauragė county;2013;1699;4
Tauragė county;2014;1544;6
Tauragė county;2015;1666;8
Tauragė county;2016;1655;10
Tauragė county;2017;1542;3
Jurbarkas d. mun.;1994;642;10
Jurbarkas d. mun.;1995;600;2
Jurbarkas d. mun.;1996;574;2
Jurbarkas d. mun.;1997;535;0
Jurbarkas d. mun.;1998;511;3
Jurbarkas d. mun.;1999;543;5
Jurbarkas d. mun.;2000;459;3
Jurbarkas d. mun.;2001;515;2
Jurbarkas d. mun.;2002;487;4
Jurbarkas d. mun.;2003;524;1
Jurbarkas d. mun.;2004;570;3
Jurbarkas d. mun.;2005;574;2
Jurbarkas d. mun.;2006;590;2
Jurbarkas d. mun.;2007;546;1
Jurbarkas d. mun.;2008;517;3
Jurbarkas d. mun.;2009;507;3
Jurbarkas d. mun.;2010;550;4
Jurbarkas d. mun.;2011;504;4
Jurbarkas d. mun.;2012;484;1
Jurbarkas d. mun.;2013;506;1
Jurbarkas d. mun.;2014;476;2
Jurbarkas d. mun.;2015;488;1
Jurbarkas d. mun.;2016;481;2
Jurbarkas d. mun.;2017;469;2
Pagėgiai mun.;1994;181;
Pagėgiai mun.;1995;170;
Pagėgiai mun.;1996;178;
Pagėgiai mun.;1997;168;
Pagėgiai mun.;1998;167;
Pagėgiai mun.;1999;174;
Pagėgiai mun.;2000;129;0
Pagėgiai mun.;2001;186;5
Pagėgiai mun.;2002;178;1
Pagėgiai mun.;2003;175;0
Pagėgiai mun.;2004;182;1
Pagėgiai mun.;2005;185;1
Pagėgiai mun.;2006;205;1
Pagėgiai mun.;2007;186;0
Pagėgiai mun.;2008;183;1
Pagėgiai mun.;2009;160;0
Pagėgiai mun.;2010;166;0
Pagėgiai mun.;2011;176;3
Pagėgiai mun.;2012;145;2
Pagėgiai mun.;2013;144;0
Pagėgiai mun.;2014;137;0
Pagėgiai mun.;2015;132;0
Pagėgiai mun.;2016;170;0
Pagėgiai mun.;2017;130;0
Šilalė d. mun.;1994;403;8
Šilalė d. mun.;1995;402;7
Šilalė d. mun.;1996;404;4
Šilalė d. mun.;1997;383;9
Šilalė d. mun.;1998;369;9
Šilalė d. mun.;1999;405;3
Šilalė d. mun.;2000;369;5
Šilalė d. mun.;2001;374;4
Šilalė d. mun.;2002;450;0
Šilalė d. mun.;2003;421;6
Šilalė d. mun.;2004;404;2
Šilalė d. mun.;2005;454;0
Šilalė d. mun.;2006;426;3
Šilalė d. mun.;2007;384;2
Šilalė d. mun.;2008;371;2
Šilalė d. mun.;2009;383;0
Šilalė d. mun.;2010;373;2
Šilalė d. mun.;2011;364;2
Šilalė d. mun.;2012;386;0
Šilalė d. mun.;2013;379;1
Šilalė d. mun.;2014;347;2
Šilalė d. mun.;2015;396;4
Šilalė d. mun.;2016;393;5
Šilalė d. mun.;2017;338;0
Tauragė d. mun.;1994;748;11
Tauragė d. mun.;1995;710;8
Tauragė d. mun.;1996;701;3
Tauragė d. mun.;1997;680;9
Tauragė d. mun.;1998;614;7
Tauragė d. mun.;1999;663;2
Tauragė d. mun.;2000;584;4
Tauragė d. mun.;2001;594;5
Tauragė d. mun.;2002;640;4
Tauragė d. mun.;2003;627;6
Tauragė d. mun.;2004;678;1
Tauragė d. mun.;2005;684;1
Tauragė d. mun.;2006;711;4
Tauragė d. mun.;2007;693;3
Tauragė d. mun.;2008;659;0
Tauragė d. mun.;2009;640;2
Tauragė d. mun.;2010;675;3
Tauragė d. mun.;2011;647;2
Tauragė d. mun.;2012;591;1
Tauragė d. mun.;2013;670;2
Tauragė d. mun.;2014;584;2
Tauragė d. mun.;2015;650;3
Tauragė d. mun.;2016;611;3
Tauragė d. mun.;2017;605;1
Telšiai county;1994;2222;29
Telšiai county;1995;2189;29
Telšiai county;1996;2124;23
Telšiai county;1997;2094;24
Telšiai county;1998;2035;22
Telšiai county;1999;2032;16
Telšiai county;2000;1968;18
Telšiai county;2001;2041;15
Telšiai county;2002;2098;12
Telšiai county;2003;2125;10
Telšiai county;2004;2044;16
Telšiai county;2005;2221;11
Telšiai county;2006;2174;12
Telšiai county;2007;2227;9
Telšiai county;2008;2058;13
Telšiai county;2009;2031;10
Telšiai county;2010;1967;9
Telšiai county;2011;2026;10
Telšiai county;2012;1943;10
Telšiai county;2013;2057;6
Telšiai county;2014;1992;7
Telšiai county;2015;1951;4
Telšiai county;2016;1897;8
Telšiai county;2017;1905;3
Mažeikiai d. mun.;1994;763;7
Mažeikiai d. mun.;1995;733;6
Mažeikiai d. mun.;1996;732;4
Mažeikiai d. mun.;1997;717;9
Mažeikiai d. mun.;1998;702;4
Mažeikiai d. mun.;1999;733;4
Mažeikiai d. mun.;2000;662;5
Mažeikiai d. mun.;2001;690;6
Mažeikiai d. mun.;2002;677;3
Mažeikiai d. mun.;2003;709;4
Mažeikiai d. mun.;2004;697;3
Mažeikiai d. mun.;2005;746;2
Mažeikiai d. mun.;2006;727;4
Mažeikiai d. mun.;2007;772;4
Mažeikiai d. mun.;2008;715;5
Mažeikiai d. mun.;2009;691;4
Mažeikiai d. mun.;2010;701;2
Mažeikiai d. mun.;2011;706;4
Mažeikiai d. mun.;2012;704;1
Mažeikiai d. mun.;2013;704;4
Mažeikiai d. mun.;2014;733;2
Mažeikiai d. mun.;2015;692;1
Mažeikiai d. mun.;2016;647;5
Mažeikiai d. mun.;2017;641;1
Plungė d. mun.;1994;510;11
Plungė d. mun.;1995;526;11
Plungė d. mun.;1996;520;9
Plungė d. mun.;1997;526;8
Plungė d. mun.;1998;461;10
Plungė d. mun.;1999;483;5
Plungė d. mun.;2000;494;5
Plungė d. mun.;2001;509;5
Plungė d. mun.;2002;519;2
Plungė d. mun.;2003;496;2
Plungė d. mun.;2004;516;6
Plungė d. mun.;2005;517;0
Plungė d. mun.;2006;526;2
Plungė d. mun.;2007;570;3
Plungė d. mun.;2008;500;4
Plungė d. mun.;2009;513;0
Plungė d. mun.;2010;489;4
Plungė d. mun.;2011;511;4
Plungė d. mun.;2012;453;4
Plungė d. mun.;2013;523;0
Plungė d. mun.;2014;492;2
Plungė d. mun.;2015;483;3
Plungė d. mun.;2016;464;1
Plungė d. mun.;2017;498;1
Rietavas mun.;1994;156;
Rietavas mun.;1995;162;
Rietavas mun.;1996;145;
Rietavas mun.;1997;153;
Rietavas mun.;1998;127;
Rietavas mun.;1999;138;
Rietavas mun.;2000;131;1
Rietavas mun.;2001;152;0
Rietavas mun.;2002;172;2
Rietavas mun.;2003;159;1
Rietavas mun.;2004;143;1
Rietavas mun.;2005;191;2
Rietavas mun.;2006;183;3
Rietavas mun.;2007;154;0
Rietavas mun.;2008;139;3
Rietavas mun.;2009;134;0
Rietavas mun.;2010;143;0
Rietavas mun.;2011;129;0
Rietavas mun.;2012;143;0
Rietavas mun.;2013;126;0
Rietavas mun.;2014;142;0
Rietavas mun.;2015;123;0
Rietavas mun.;2016;128;0
Rietavas mun.;2017;105;1
Telšiai d. mun.;1994;793;11
Telšiai d. mun.;1995;768;12
Telšiai d. mun.;1996;727;10
Telšiai d. mun.;1997;698;7
Telšiai d. mun.;1998;745;8
Telšiai d. mun.;1999;678;7
Telšiai d. mun.;2000;681;7
Telšiai d. mun.;2001;690;4
Telšiai d. mun.;2002;730;5
Telšiai d. mun.;2003;761;3
Telšiai d. mun.;2004;688;6
Telšiai d. mun.;2005;767;7
Telšiai d. mun.;2006;738;3
Telšiai d. mun.;2007;731;2
Telšiai d. mun.;2008;704;1
Telšiai d. mun.;2009;693;6
Telšiai d. mun.;2010;634;3
Telšiai d. mun.;2011;680;2
Telšiai d. mun.;2012;643;5
Telšiai d. mun.;2013;704;2
Telšiai d. mun.;2014;625;3
Telšiai d. mun.;2015;653;0
Telšiai d. mun.;2016;658;2
Telšiai d. mun.;2017;661;0
Utena county;1994;3038;30
Utena county;1995;2883;28
Utena county;1996;2895;22
Utena county;1997;2802;21
Utena county;1998;2791;12
Utena county;1999;2567;22
Utena county;2000;2522;16
Utena county;2001;2548;8
Utena county;2002;2664;10
Utena county;2003;2679;13
Utena county;2004;2662;10
Utena county;2005;2807;5
Utena county;2006;2784;9
Utena county;2007;2918;9
Utena county;2008;2823;8
Utena county;2009;2702;2
Utena county;2010;2686;4
Utena county;2011;2605;6
Utena county;2012;2576;8
Utena county;2013;2626;8
Utena county;2014;2494;5
Utena county;2015;2521;1
Utena county;2016;2547;5
Utena county;2017;2512;4
Anykščiai d. mun.;1994;699;8
Anykščiai d. mun.;1995;624;9
Anykščiai d. mun.;1996;614;6
Anykščiai d. mun.;1997;647;5
Anykščiai d. mun.;1998;610;2
Anykščiai d. mun.;1999;591;3
Anykščiai d. mun.;2000;561;3
Anykščiai d. mun.;2001;613;2
Anykščiai d. mun.;2002;585;1
Anykščiai d. mun.;2003;561;1
Anykščiai d. mun.;2004;604;4
Anykščiai d. mun.;2005;568;0
Anykščiai d. mun.;2006;595;0
Anykščiai d. mun.;2007;610;0
Anykščiai d. mun.;2008;626;0
Anykščiai d. mun.;2009;567;0
Anykščiai d. mun.;2010;576;1
Anykščiai d. mun.;2011;529;2
Anykščiai d. mun.;2012;536;0
Anykščiai d. mun.;2013;534;2
Anykščiai d. mun.;2014;530;2
Anykščiai d. mun.;2015;549;0
Anykščiai d. mun.;2016;509;1
Anykščiai d. mun.;2017;534;0
Ignalina d. mun.;1994;534;5
Ignalina d. mun.;1995;490;2
Ignalina d. mun.;1996;513;2
Ignalina d. mun.;1997;466;1
Ignalina d. mun.;1998;461;0
Ignalina d. mun.;1999;445;5
Ignalina d. mun.;2000;395;2
Ignalina d. mun.;2001;410;0
Ignalina d. mun.;2002;489;1
Ignalina d. mun.;2003;452;0
Ignalina d. mun.;2004;424;2
Ignalina d. mun.;2005;480;1
Ignalina d. mun.;2006;416;1
Ignalina d. mun.;2007;458;0
Ignalina d. mun.;2008;451;2
Ignalina d. mun.;2009;407;1
Ignalina d. mun.;2010;415;1
Ignalina d. mun.;2011;442;0
Ignalina d. mun.;2012;381;2
Ignalina d. mun.;2013;387;0
Ignalina d. mun.;2014;401;1
Ignalina d. mun.;2015;405;0
Ignalina d. mun.;2016;343;1
Ignalina d. mun.;2017;387;1
Molėtai d. mun.;1994;472;3
Molėtai d. mun.;1995;484;7
Molėtai d. mun.;1996;477;4
Molėtai d. mun.;1997;444;4
Molėtai d. mun.;1998;415;1
Molėtai d. mun.;1999;395;6
Molėtai d. mun.;2000;401;3
Molėtai d. mun.;2001;367;1
Molėtai d. mun.;2002;392;2
Molėtai d. mun.;2003;424;1
Molėtai d. mun.;2004;382;1
Molėtai d. mun.;2005;458;1
Molėtai d. mun.;2006;469;1
Molėtai d. mun.;2007;454;1
Molėtai d. mun.;2008;421;1
Molėtai d. mun.;2009;415;0
Molėtai d. mun.;2010;411;0
Molėtai d. mun.;2011;356;0
Molėtai d. mun.;2012;384;1
Molėtai d. mun.;2013;385;1
Molėtai d. mun.;2014;371;0
Molėtai d. mun.;2015;343;0
Molėtai d. mun.;2016;386;0
Molėtai d. mun.;2017;368;1
Utena d. mun.;1994;711;6
Utena d. mun.;1995;670;7
Utena d. mun.;1996;697;4
Utena d. mun.;1997;636;5
Utena d. mun.;1998;689;6
Utena d. mun.;1999;546;3
Utena d. mun.;2000;564;1
Utena d. mun.;2001;606;3
Utena d. mun.;2002;640;2
Utena d. mun.;2003;637;5
Utena d. mun.;2004;625;3
Utena d. mun.;2005;672;3
Utena d. mun.;2006;675;3
Utena d. mun.;2007;748;3
Utena d. mun.;2008;644;3
Utena d. mun.;2009;680;0
Utena d. mun.;2010;643;1
Utena d. mun.;2011;678;3
Utena d. mun.;2012;656;2
Utena d. mun.;2013;668;1
Utena d. mun.;2014;622;0
Utena d. mun.;2015;613;0
Utena d. mun.;2016;681;2
Utena d. mun.;2017;643;0
Visaginas mun.;1994;147;6
Visaginas mun.;1995;148;1
Visaginas mun.;1996;159;4
Visaginas mun.;1997;156;4
Visaginas mun.;1998;163;1
Visaginas mun.;1999;173;1
Visaginas mun.;2000;167;4
Visaginas mun.;2001;182;1
Visaginas mun.;2002;151;0
Visaginas mun.;2003;172;2
Visaginas mun.;2004;195;0
Visaginas mun.;2005;193;0
Visaginas mun.;2006;217;3
Visaginas mun.;2007;229;1
Visaginas mun.;2008;253;2
Visaginas mun.;2009;217;0
Visaginas mun.;2010;245;0
Visaginas mun.;2011;221;0
Visaginas mun.;2012;251;2
Visaginas mun.;2013;277;2
Visaginas mun.;2014;251;2
Visaginas mun.;2015;268;0
Visaginas mun.;2016;252;0
Visaginas mun.;2017;241;0
Zarasai d. mun.;1994;475;2
Zarasai d. mun.;1995;467;2
Zarasai d. mun.;1996;435;2
Zarasai d. mun.;1997;453;2
Zarasai d. mun.;1998;453;2
Zarasai d. mun.;1999;417;4
Zarasai d. mun.;2000;434;3
Zarasai d. mun.;2001;370;1
Zarasai d. mun.;2002;407;4
Zarasai d. mun.;2003;433;4
Zarasai d. mun.;2004;432;0
Zarasai d. mun.;2005;436;0
Zarasai d. mun.;2006;412;1
Zarasai d. mun.;2007;419;4
Zarasai d. mun.;2008;428;0
Zarasai d. mun.;2009;416;1
Zarasai d. mun.;2010;396;1
Zarasai d. mun.;2011;379;1
Zarasai d. mun.;2012;368;1
Zarasai d. mun.;2013;375;2
Zarasai d. mun.;2014;319;0
Zarasai d. mun.;2015;343;1
Zarasai d. mun.;2016;376;1
Zarasai d. mun.;2017;339;2
