Territory;Year;Total;Urban;Rural
Akmenė d. mun.;2018;19606;12083;7523
Akmenė d. mun.;2017;20210;12425;7785
Akmenė d. mun.;2016;20824;12849;7975
Akmenė d. mun.;2015;21332;13173;8159
Akmenė d. mun.;2014;21677;13360;8317
Akmenė d. mun.;2013;22210;13678;8532
Akmenė d. mun.;2012;22796;14008;8788
Akmenė d. mun.;2011;23460;14369;9091
Akmenė d. mun.;2010;24501;15001;9500
Akmenė d. mun.;2009;25310;15549;9761
Akmenė d. mun.;2008;25967;15975;9992
Akmenė d. mun.;2007;26665;16429;10236
Akmenė d. mun.;2006;27328;16816;10512
Akmenė d. mun.;2005;28239;17391;10848
Akmenė d. mun.;2004;28951;17986;10965
Akmenė d. mun.;2003;29500;18405;11095
Akmenė d. mun.;2002;29933;18696;11237
Akmenė d. mun.;2001;30266;18923;11343
Akmenė d. mun.;2000;30655;;
Akmenė d. mun.;1999;30988;;
Akmenė d. mun.;1998;31333;;
Akmenė d. mun.;1997;31579;;
Akmenė d. mun.;1996;31806;;
Alytus county;2018;138095;79413;58682
Alytus county;2017;141616;81671;59945
Alytus county;2016;145109;84362;60747
Alytus county;2015;147809;86170;61639
Alytus county;2014;149851;87318;62533
Alytus county;2013;152139;88796;63343
Alytus county;2012;154980;90569;64411
Alytus county;2011;158403;93037;65366
Alytus county;2010;164833;97642;67191
Alytus county;2009;167603;99271;68332
Alytus county;2008;170249;100774;69475
Alytus county;2007;173028;102256;70772
Alytus county;2006;175813;103540;72273
Alytus county;2005;179626;105739;73887
Alytus county;2004;182751;107756;74995
Alytus county;2003;184992;109758;75234
Alytus county;2002;186484;110357;76127
Alytus county;2001;187990;110949;77041
Alytus county;2000;189453;;
Alytus county;1999;191168;;
Alytus county;1998;192912;;
Alytus county;1997;194736;;
Alytus county;1996;196470;;
Alytus d. mun.;2018;26077;2287;23790
Alytus d. mun.;2017;26563;2401;24162
Alytus d. mun.;2016;26831;2468;24363
Alytus d. mun.;2015;27126;2496;24630
Alytus d. mun.;2014;27347;2512;24835
Alytus d. mun.;2013;27618;2552;25066
Alytus d. mun.;2012;27960;2630;25330
Alytus d. mun.;2011;28210;2691;25519
Alytus d. mun.;2010;29052;2852;26200
Alytus d. mun.;2009;29441;2980;26461
Alytus d. mun.;2008;29773;3064;26709
Alytus d. mun.;2007;30281;3149;27132
Alytus d. mun.;2006;30786;3237;27549
Alytus d. mun.;2005;31415;3283;28132
Alytus d. mun.;2004;31741;3328;28413
Alytus d. mun.;2003;31828;3375;28453
Alytus d. mun.;2002;32255;3414;28841
Alytus d. mun.;2001;32644;3439;29205
Alytus d. mun.;2000;32722;;
Alytus d. mun.;1999;32852;;
Alytus d. mun.;1998;32910;;
Alytus d. mun.;1997;32736;;
Alytus d. mun.;1996;32647;;
Alytus t. mun.;2018;51534;51534;
Alytus t. mun.;2017;52792;52792;
Alytus t. mun.;2016;54431;54431;
Alytus t. mun.;2015;55614;55614;
Alytus t. mun.;2014;56357;56357;
Alytus t. mun.;2013;57281;57281;
Alytus t. mun.;2012;58515;58515;
Alytus t. mun.;2011;60302;60302;
Alytus t. mun.;2010;63630;63630;
Alytus t. mun.;2009;64770;64770;
Alytus t. mun.;2008;65856;65856;
Alytus t. mun.;2007;66749;66749;
Alytus t. mun.;2006;67443;67443;
Alytus t. mun.;2005;68838;68838;
Alytus t. mun.;2004;70053;70053;
Alytus t. mun.;2003;71012;71012;
Alytus t. mun.;2002;71261;71261;
Alytus t. mun.;2001;71460;71460;
Alytus t. mun.;2000;72045;;
Alytus t. mun.;1999;72658;;
Alytus t. mun.;1998;73235;;
Alytus t. mun.;1997;74208;;
Alytus t. mun.;1996;74912;;
Anykščiai d. mun.;2018;24149;9764;14385
Anykščiai d. mun.;2017;24999;10130;14869
Anykščiai d. mun.;2016;25755;10560;15195
Anykščiai d. mun.;2015;26393;10811;15582
Anykščiai d. mun.;2014;26890;11003;15887
Anykščiai d. mun.;2013;27479;11266;16213
Anykščiai d. mun.;2012;28116;11490;16626
Anykščiai d. mun.;2011;28782;11733;17049
Anykščiai d. mun.;2010;29632;11998;17634
Anykščiai d. mun.;2009;30285;12145;18140
Anykščiai d. mun.;2008;30929;12392;18537
Anykščiai d. mun.;2007;31583;12614;18969
Anykščiai d. mun.;2006;32275;12401;19874
Anykščiai d. mun.;2005;33119;12797;20322
Anykščiai d. mun.;2004;33783;12983;20800
Anykščiai d. mun.;2003;34297;13179;21118
Anykščiai d. mun.;2002;34752;13231;21521
Anykščiai d. mun.;2001;35150;13301;21849
Anykščiai d. mun.;2000;35604;;
Anykščiai d. mun.;1999;36100;;
Anykščiai d. mun.;1998;36517;;
Anykščiai d. mun.;1997;36960;;
Anykščiai d. mun.;1996;37225;;
Birštonas mun.;2018;4168;2380;1788
Birštonas mun.;2017;4254;2416;1838
Birštonas mun.;2016;4330;2459;1871
Birštonas mun.;2015;4371;2492;1879
Birštonas mun.;2014;4369;2475;1894
Birštonas mun.;2013;4460;2525;1935
Birštonas mun.;2012;4532;2581;1951
Birštonas mun.;2011;4593;2627;1966
Birštonas mun.;2010;4679;2694;1985
Birštonas mun.;2009;4771;2757;2014
Birštonas mun.;2008;4861;2820;2041
Birštonas mun.;2007;4901;2818;2083
Birštonas mun.;2006;4971;2868;2103
Birštonas mun.;2005;5120;2961;2159
Birštonas mun.;2004;5240;3081;2159
Birštonas mun.;2003;5296;3125;2171
Birštonas mun.;2002;5362;3163;2199
Birštonas mun.;2001;5458;3244;2214
Birštonas mun.;2000;5499;;
Birštonas mun.;1999;5653;;
Birštonas mun.;1998;5738;;
Birštonas mun.;1997;5784;;
Birštonas mun.;1996;5836;;
Biržai d. mun.;2018;23778;11452;12326
Biržai d. mun.;2017;24645;11884;12761
Biržai d. mun.;2016;25418;12270;13148
Biržai d. mun.;2015;25937;12456;13481
Biržai d. mun.;2014;26473;12669;13804
Biržai d. mun.;2013;27026;12925;14101
Biržai d. mun.;2012;27632;13283;14349
Biržai d. mun.;2011;28322;13569;14753
Biržai d. mun.;2010;29439;14142;15297
Biržai d. mun.;2009;30178;14426;15752
Biržai d. mun.;2008;30959;14782;16177
Biržai d. mun.;2007;31766;15135;16631
Biržai d. mun.;2006;32515;15440;17075
Biržai d. mun.;2005;33551;15847;17704
Biržai d. mun.;2004;34266;16143;18123
Biržai d. mun.;2003;34715;16256;18459
Biržai d. mun.;2002;35063;16399;18664
Biržai d. mun.;2001;35498;16640;18858
Biržai d. mun.;2000;35942;;
Biržai d. mun.;1999;36384;;
Biržai d. mun.;1998;36852;;
Biržai d. mun.;1997;37289;;
Biržai d. mun.;1996;37718;;
Druskininkai mun.;2018;19605;12441;7164
Druskininkai mun.;2017;20041;12790;7251
Druskininkai mun.;2016;20400;13226;7174
Druskininkai mun.;2015;20728;13568;7160
Druskininkai mun.;2014;20943;13762;7181
Druskininkai mun.;2013;21221;14128;7093
Druskininkai mun.;2012;21495;14434;7061
Druskininkai mun.;2011;21876;14838;7038
Druskininkai mun.;2010;22656;15436;7220
Druskininkai mun.;2009;22954;15620;7334
Druskininkai mun.;2008;23187;15717;7470
Druskininkai mun.;2007;23469;15963;7506
Druskininkai mun.;2006;23865;16224;7641
Druskininkai mun.;2005;24252;16637;7615
Druskininkai mun.;2004;24665;17123;7542
Druskininkai mun.;2003;24965;17900;7065
Druskininkai mun.;2002;25169;18078;7091
Druskininkai mun.;2001;25500;18278;7222
Druskininkai mun.;2000;25786;;
Druskininkai mun.;1999;26268;;
Druskininkai mun.;1998;26778;;
Druskininkai mun.;1997;27213;;
Druskininkai mun.;1996;27856;;
Elektrėnai mun.;2018;23724;15784;7940
Elektrėnai mun.;2017;23770;15729;8041
Elektrėnai mun.;2016;23959;15949;8010
Elektrėnai mun.;2015;24164;16159;8005
Elektrėnai mun.;2014;24234;16254;7980
Elektrėnai mun.;2013;24396;16444;7952
Elektrėnai mun.;2012;24700;16692;8008
Elektrėnai mun.;2011;25061;16991;8070
Elektrėnai mun.;2010;25802;17561;8241
Elektrėnai mun.;2009;26041;17733;8308
Elektrėnai mun.;2008;26338;17957;8381
Elektrėnai mun.;2007;26654;18141;8513
Elektrėnai mun.;2006;26973;18342;8631
Elektrėnai mun.;2005;27649;18634;9015
Elektrėnai mun.;2004;28015;18820;9195
Elektrėnai mun.;2003;28333;19009;9324
Elektrėnai mun.;2002;28576;19104;9472
Elektrėnai mun.;2001;28976;19384;9592
Elektrėnai mun.;2000;29250;;
Elektrėnai mun.;1999;29504;;
Elektrėnai mun.;1998;29861;;
Elektrėnai mun.;1997;30090;;
Elektrėnai mun.;1996;30410;;
Ignalina d. mun.;2018;15366;5846;9520
Ignalina d. mun.;2017;15892;6082;9810
Ignalina d. mun.;2016;16325;6304;10021
Ignalina d. mun.;2015;16806;6450;10356
Ignalina d. mun.;2014;17141;6542;10599
Ignalina d. mun.;2013;17568;6630;10938
Ignalina d. mun.;2012;18030;6734;11296
Ignalina d. mun.;2011;18468;6896;11572
Ignalina d. mun.;2010;18961;7016;11945
Ignalina d. mun.;2009;19415;7085;12330
Ignalina d. mun.;2008;19838;7190;12648
Ignalina d. mun.;2007;20368;7232;13136
Ignalina d. mun.;2006;20893;7316;13577
Ignalina d. mun.;2005;21463;7401;14062
Ignalina d. mun.;2004;21944;7480;14464
Ignalina d. mun.;2003;22653;7639;15014
Ignalina d. mun.;2002;22952;7670;15282
Ignalina d. mun.;2001;23033;7655;15378
Ignalina d. mun.;2000;23088;;
Ignalina d. mun.;1999;23341;;
Ignalina d. mun.;1998;23708;;
Ignalina d. mun.;1997;24256;;
Ignalina d. mun.;1996;24772;;
Jonava d. mun.;2018;42052;27042;15010
Jonava d. mun.;2017;42561;27804;14757
Jonava d. mun.;2016;43196;28568;14628
Jonava d. mun.;2015;43875;29031;14844
Jonava d. mun.;2014;44470;29353;15117
Jonava d. mun.;2013;45079;29679;15400
Jonava d. mun.;2012;45713;30187;15526
Jonava d. mun.;2011;46653;30777;15876
Jonava d. mun.;2010;48036;31725;16311
Jonava d. mun.;2009;48792;32270;16522
Jonava d. mun.;2008;49051;32626;16425
Jonava d. mun.;2007;49589;32994;16595
Jonava d. mun.;2006;50373;33450;16923
Jonava d. mun.;2005;51218;34036;17182
Jonava d. mun.;2004;51510;34282;17228
Jonava d. mun.;2003;51734;34478;17256
Jonava d. mun.;2002;52031;34678;17353
Jonava d. mun.;2001;52258;34968;17290
Jonava d. mun.;2000;52410;;
Jonava d. mun.;1999;52302;;
Jonava d. mun.;1998;52291;;
Jonava d. mun.;1997;52307;;
Jonava d. mun.;1996;52068;;
Joniškis d. mun.;2018;21583;9893;11690
Joniškis d. mun.;2017;22449;10198;12251
Joniškis d. mun.;2016;23147;10485;12662
Joniškis d. mun.;2015;23807;10638;13169
Joniškis d. mun.;2014;24306;10845;13461
Joniškis d. mun.;2013;24890;11075;13815
Joniškis d. mun.;2012;25584;11362;14222
Joniškis d. mun.;2011;26322;11662;14660
Joniškis d. mun.;2010;27427;12162;15265
Joniškis d. mun.;2009;28085;12344;15741
Joniškis d. mun.;2008;28543;12541;16002
Joniškis d. mun.;2007;29083;12676;16407
Joniškis d. mun.;2006;29746;12862;16884
Joniškis d. mun.;2005;30536;13130;17406
Joniškis d. mun.;2004;31012;13310;17702
Joniškis d. mun.;2003;31367;13450;17917
Joniškis d. mun.;2002;31656;13538;18118
Joniškis d. mun.;2001;31940;13666;18274
Joniškis d. mun.;2000;32316;;
Joniškis d. mun.;1999;32605;;
Joniškis d. mun.;1998;32956;;
Joniškis d. mun.;1997;33230;;
Joniškis d. mun.;1996;33764;;
Jurbarkas d. mun.;2018;26043;10533;15510
Jurbarkas d. mun.;2017;26800;10826;15974
Jurbarkas d. mun.;2016;27565;11092;16473
Jurbarkas d. mun.;2015;28162;11256;16906
Jurbarkas d. mun.;2014;28665;11397;17268
Jurbarkas d. mun.;2013;29184;11463;17721
Jurbarkas d. mun.;2012;29657;11596;18061
Jurbarkas d. mun.;2011;30331;11811;18520
Jurbarkas d. mun.;2010;31511;12330;19181
Jurbarkas d. mun.;2009;32291;12591;19700
Jurbarkas d. mun.;2008;32954;12871;20083
Jurbarkas d. mun.;2007;33692;13079;20613
Jurbarkas d. mun.;2006;34429;13385;21044
Jurbarkas d. mun.;2005;35517;13738;21779
Jurbarkas d. mun.;2004;36314;13940;22374
Jurbarkas d. mun.;2003;36852;14121;22731
Jurbarkas d. mun.;2002;37288;14251;23037
Jurbarkas d. mun.;2001;37795;14443;23352
Jurbarkas d. mun.;2000;38076;;
Jurbarkas d. mun.;1999;38439;;
Jurbarkas d. mun.;1998;38925;;
Jurbarkas d. mun.;1997;39305;;
Jurbarkas d. mun.;1996;39560;;
Kaišiadorys d. mun.;2018;30257;10857;19400
Kaišiadorys d. mun.;2017;30836;11096;19740
Kaišiadorys d. mun.;2016;31447;11428;20019
Kaišiadorys d. mun.;2015;31915;11537;20378
Kaišiadorys d. mun.;2014;32358;11696;20662
Kaišiadorys d. mun.;2013;32922;11844;21078
Kaišiadorys d. mun.;2012;33389;12029;21360
Kaišiadorys d. mun.;2011;33920;12323;21597
Kaišiadorys d. mun.;2010;34795;12698;22097
Kaišiadorys d. mun.;2009;35174;12892;22282
Kaišiadorys d. mun.;2008;35571;12979;22592
Kaišiadorys d. mun.;2007;35970;13101;22869
Kaišiadorys d. mun.;2006;36217;13177;23040
Kaišiadorys d. mun.;2005;36732;13331;23401
Kaišiadorys d. mun.;2004;37117;13532;23585
Kaišiadorys d. mun.;2003;37394;13710;23684
Kaišiadorys d. mun.;2002;37438;13777;23661
Kaišiadorys d. mun.;2001;37632;13863;23769
Kaišiadorys d. mun.;2000;37558;;
Kaišiadorys d. mun.;1999;37519;;
Kaišiadorys d. mun.;1998;37630;;
Kaišiadorys d. mun.;1997;37732;;
Kaišiadorys d. mun.;1996;37780;;
Kalvarija mun.;2018;10776;3938;6838
Kalvarija mun.;2017;11067;4093;6974
Kalvarija mun.;2016;11307;4225;7082
Kalvarija mun.;2015;11486;4290;7196
Kalvarija mun.;2014;11636;4349;7287
Kalvarija mun.;2013;11777;4375;7402
Kalvarija mun.;2012;11921;4399;7522
Kalvarija mun.;2011;12105;4477;7628
Kalvarija mun.;2010;12378;4590;7788
Kalvarija mun.;2009;12562;4697;7865
Kalvarija mun.;2008;12738;4758;7980
Kalvarija mun.;2007;12909;4826;8083
Kalvarija mun.;2006;13077;4907;8170
Kalvarija mun.;2005;13323;4960;8363
Kalvarija mun.;2004;13477;5001;8476
Kalvarija mun.;2003;13618;5026;8592
Kalvarija mun.;2002;13724;5041;8683
Kalvarija mun.;2001;13907;5112;8795
Kalvarija mun.;2000;14002;;
Kalvarija mun.;1999;14129;;
Kalvarija mun.;1998;14267;;
Kalvarija mun.;1997;14381;;
Kalvarija mun.;1996;14420;;
Kaunas c. mun.;2018;288363;288363;
Kaunas c. mun.;2017;292691;292691;
Kaunas c. mun.;2016;297846;297846;
Kaunas c. mun.;2015;301357;301357;
Kaunas c. mun.;2014;304012;304012;
Kaunas c. mun.;2013;306888;306888;
Kaunas c. mun.;2012;310773;310773;
Kaunas c. mun.;2011;317319;317319;
Kaunas c. mun.;2010;329542;329542;
Kaunas c. mun.;2009;335393;335393;
Kaunas c. mun.;2008;339535;339535;
Kaunas c. mun.;2007;343932;343932;
Kaunas c. mun.;2006;348506;348506;
Kaunas c. mun.;2005;356954;356954;
Kaunas c. mun.;2004;363952;363952;
Kaunas c. mun.;2003;370242;370242;
Kaunas c. mun.;2002;374176;374176;
Kaunas c. mun.;2001;379706;379706;
Kaunas c. mun.;2000;385620;;
Kaunas c. mun.;1999;390623;;
Kaunas c. mun.;1998;395555;;
Kaunas c. mun.;1997;402061;;
Kaunas c. mun.;1996;408706;;
Kaunas county;2018;563112;388003;175109
Kaunas county;2017;569875;395001;174874
Kaunas county;2016;577358;403092;174266
Kaunas county;2015;583047;408179;174868
Kaunas county;2014;587238;411924;175314
Kaunas county;2013;592816;416310;176506
Kaunas county;2012;599638;421975;177663
Kaunas county;2011;610225;430553;179672
Kaunas county;2010;629896;446654;183242
Kaunas county;2009;638385;454673;183712
Kaunas county;2008;643358;460246;183112
Kaunas county;2007;650408;466186;184222
Kaunas county;2006;658100;472253;185847
Kaunas county;2005;671923;483201;188722
Kaunas county;2004;682074;491879;190195
Kaunas county;2003;689787;500808;188979
Kaunas county;2002;695033;505567;189466
Kaunas county;2001;702090;511910;190180
Kaunas county;2000;708531;;
Kaunas county;1999;713926;;
Kaunas county;1998;719178;;
Kaunas county;1997;725178;;
Kaunas county;1996;731631;;
Kaunas d. mun.;2018;92644;13662;78982
Kaunas d. mun.;2017;91073;13900;77173
Kaunas d. mun.;2016;89516;14128;75388
Kaunas d. mun.;2015;88396;14300;74096
Kaunas d. mun.;2014;87138;14359;72779
Kaunas d. mun.;2013;86419;14592;71827
Kaunas d. mun.;2012;86109;14936;71173
Kaunas d. mun.;2011;85922;15244;70678
Kaunas d. mun.;2010;86978;15823;71155
Kaunas d. mun.;2009;85752;16154;69598
Kaunas d. mun.;2008;83946;16350;67596
Kaunas d. mun.;2007;83346;16590;66756
Kaunas d. mun.;2006;83091;16822;66269
Kaunas d. mun.;2005;83200;17092;66108
Kaunas d. mun.;2004;83167;17446;65721
Kaunas d. mun.;2003;82108;18997;63111
Kaunas d. mun.;2002;81650;19010;62640
Kaunas d. mun.;2001;81373;19008;62365
Kaunas d. mun.;2000;81007;;
Kaunas d. mun.;1999;80488;;
Kaunas d. mun.;1998;79920;;
Kaunas d. mun.;1997;78753;;
Kaunas d. mun.;1996;77559;;
Kazlų Rūda mun.;2018;11764;5834;5930
Kazlų Rūda mun.;2017;12125;6032;6093
Kazlų Rūda mun.;2016;12379;6157;6222
Kazlų Rūda mun.;2015;12494;6228;6266
Kazlų Rūda mun.;2014;12634;6342;6292
Kazlų Rūda mun.;2013;12738;6346;6392
Kazlų Rūda mun.;2012;13034;6526;6508
Kazlų Rūda mun.;2011;13273;6639;6634
Kazlų Rūda mun.;2010;13659;6942;6717
Kazlų Rūda mun.;2009;13906;7077;6829
Kazlų Rūda mun.;2008;14080;7174;6906
Kazlų Rūda mun.;2007;14241;7214;7027
Kazlų Rūda mun.;2006;14420;7285;7135
Kazlų Rūda mun.;2005;14688;7336;7352
Kazlų Rūda mun.;2004;14781;7328;7453
Kazlų Rūda mun.;2003;14783;7323;7460
Kazlų Rūda mun.;2002;14893;7365;7528
Kazlų Rūda mun.;2001;14934;7395;7539
Kazlų Rūda mun.;2000;14992;;
Kazlų Rūda mun.;1999;15140;;
Kazlų Rūda mun.;1998;15281;;
Kazlų Rūda mun.;1997;15315;;
Kazlų Rūda mun.;1996;15546;;
Kėdainiai d. mun.;2018;46626;23366;23260
Kėdainiai d. mun.;2017;47872;24093;23779
Kėdainiai d. mun.;2016;49053;24928;24125
Kėdainiai d. mun.;2015;49939;25310;24629
Kėdainiai d. mun.;2014;50881;25654;25227
Kėdainiai d. mun.;2013;51969;25971;25998
Kėdainiai d. mun.;2012;52911;26302;26609
Kėdainiai d. mun.;2011;54254;26702;27552
Kėdainiai d. mun.;2010;56025;27590;28435
Kėdainiai d. mun.;2009;57399;28234;29165
Kėdainiai d. mun.;2008;58226;28678;29548
Kėdainiai d. mun.;2007;59253;29178;30075
Kėdainiai d. mun.;2006;60352;29602;30750
Kėdainiai d. mun.;2005;62551;30647;31904
Kėdainiai d. mun.;2004;63692;31085;32607
Kėdainiai d. mun.;2003;64554;31438;33116
Kėdainiai d. mun.;2002;65127;31795;33332
Kėdainiai d. mun.;2001;65717;31998;33719
Kėdainiai d. mun.;2000;66135;;
Kėdainiai d. mun.;1999;66655;;
Kėdainiai d. mun.;1998;66999;;
Kėdainiai d. mun.;1997;67223;;
Kėdainiai d. mun.;1996;67855;;
Kelmė d. mun.;2018;26778;10469;16309
Kelmė d. mun.;2017;27745;10838;16907
Kelmė d. mun.;2016;28647;11214;17433
Kelmė d. mun.;2015;29559;11544;18015
Kelmė d. mun.;2014;30305;11700;18605
Kelmė d. mun.;2013;31037;11974;19063
Kelmė d. mun.;2012;31722;12118;19604
Kelmė d. mun.;2011;32566;12335;20231
Kelmė d. mun.;2010;33842;12486;21356
Kelmė d. mun.;2009;34777;12799;21978
Kelmė d. mun.;2008;35602;13080;22522
Kelmė d. mun.;2007;36488;13355;23133
Kelmė d. mun.;2006;37383;13599;23784
Kelmė d. mun.;2005;38551;13912;24639
Kelmė d. mun.;2004;39498;14198;25300
Kelmė d. mun.;2003;40178;14435;25743
Kelmė d. mun.;2002;40469;14557;25912
Kelmė d. mun.;2001;40858;14646;26212
Kelmė d. mun.;2000;41027;;
Kelmė d. mun.;1999;41411;;
Kelmė d. mun.;1998;41806;;
Kelmė d. mun.;1997;42152;;
Kelmė d. mun.;1996;42438;;
Klaipėda c. mun.;2018;148908;148908;
Klaipėda c. mun.;2017;151309;151309;
Klaipėda c. mun.;2016;154326;154326;
Klaipėda c. mun.;2015;156141;156141;
Klaipėda c. mun.;2014;157305;157305;
Klaipėda c. mun.;2013;158541;158541;
Klaipėda c. mun.;2012;160142;160142;
Klaipėda c. mun.;2011;162898;162898;
Klaipėda c. mun.;2010;168134;168134;
Klaipėda c. mun.;2009;170699;170699;
Klaipėda c. mun.;2008;172686;172686;
Klaipėda c. mun.;2007;175389;175389;
Klaipėda c. mun.;2006;178380;178380;
Klaipėda c. mun.;2005;183627;183627;
Klaipėda c. mun.;2004;186811;186811;
Klaipėda c. mun.;2003;189526;189526;
Klaipėda c. mun.;2002;190911;190911;
Klaipėda c. mun.;2001;193220;193220;
Klaipėda c. mun.;2000;194674;;
Klaipėda c. mun.;1999;195698;;
Klaipėda c. mun.;1998;196578;;
Klaipėda c. mun.;1997;198603;;
Klaipėda c. mun.;1996;201577;;
Klaipėda county;2018;317252;222119;95133
Klaipėda county;2017;320507;226140;94367
Klaipėda county;2016;324618;231111;93507
Klaipėda county;2015;327300;233569;93731
Klaipėda county;2014;329013;235017;93996
Klaipėda county;2013;331553;236799;94754
Klaipėda county;2012;334744;238929;95815
Klaipėda county;2011;340047;242743;97304
Klaipėda county;2010;350306;250412;99894
Klaipėda county;2009;355084;253996;101088
Klaipėda county;2008;357201;256296;100905
Klaipėda county;2007;360434;259691;100743
Klaipėda county;2006;364486;263420;101066
Klaipėda county;2005;372541;270400;102141
Klaipėda county;2004;376854;274608;102246
Klaipėda county;2003;379878;277770;102108
Klaipėda county;2002;382076;279634;102442
Klaipėda county;2001;386129;282921;103208
Klaipėda county;2000;388015;;
Klaipėda county;1999;389819;;
Klaipėda county;1998;391544;;
Klaipėda county;1997;393219;;
Klaipėda county;1996;395637;;
Klaipėda d. mun.;2018;56131;15128;41003
Klaipėda d. mun.;2017;54635;15658;38977
Klaipėda d. mun.;2016;53459;16109;37350
Klaipėda d. mun.;2015;52831;16284;36547
Klaipėda d. mun.;2014;52110;16294;35816
Klaipėda d. mun.;2013;51614;16317;35297
Klaipėda d. mun.;2012;51405;16371;35034
Klaipėda d. mun.;2011;51279;16445;34834
Klaipėda d. mun.;2010;51843;16699;35144
Klaipėda d. mun.;2009;51690;16698;34992
Klaipėda d. mun.;2008;50488;16593;33895
Klaipėda d. mun.;2007;49293;16598;32695
Klaipėda d. mun.;2006;48488;16529;31959
Klaipėda d. mun.;2005;48104;16679;31425
Klaipėda d. mun.;2004;47367;16769;30598
Klaipėda d. mun.;2003;46570;16823;29747
Klaipėda d. mun.;2002;46413;16856;29557
Klaipėda d. mun.;2001;46179;16923;29256
Klaipėda d. mun.;2000;45902;;
Klaipėda d. mun.;1999;45941;;
Klaipėda d. mun.;1998;45982;;
Klaipėda d. mun.;1997;45422;;
Klaipėda d. mun.;1996;44651;;
Kretinga d. mun.;2018;37945;18642;19303
Kretinga d. mun.;2017;38558;19189;19369
Kretinga d. mun.;2016;39121;19785;19336
Kretinga d. mun.;2015;39758;20152;19606
Kretinga d. mun.;2014;40133;20274;19859
Kretinga d. mun.;2013;40595;20486;20109
Kretinga d. mun.;2012;40880;20516;20364
Kretinga d. mun.;2011;41461;20665;20796
Kretinga d. mun.;2010;42607;21171;21436
Kretinga d. mun.;2009;43573;21694;21879
Kretinga d. mun.;2008;43786;21822;21964
Kretinga d. mun.;2007;44187;22077;22110
Kretinga d. mun.;2006;44423;22227;22196
Kretinga d. mun.;2005;45119;22645;22474
Kretinga d. mun.;2004;45454;22910;22544
Kretinga d. mun.;2003;45419;23068;22351
Kretinga d. mun.;2002;45438;23184;22254
Kretinga d. mun.;2001;45723;23402;22321
Kretinga d. mun.;2000;45590;;
Kretinga d. mun.;1999;45474;;
Kretinga d. mun.;1998;45313;;
Kretinga d. mun.;1997;44906;;
Kretinga d. mun.;1996;44456;;
Kupiškis d. mun.;2018;17097;7054;10043
Kupiškis d. mun.;2017;17670;7250;10420
Kupiškis d. mun.;2016;18225;7508;10717
Kupiškis d. mun.;2015;18678;7760;10918
Kupiškis d. mun.;2014;19058;7903;11155
Kupiškis d. mun.;2013;19425;7987;11438
Kupiškis d. mun.;2012;19835;8158;11677
Kupiškis d. mun.;2011;20355;8277;12078
Kupiškis d. mun.;2010;21064;8468;12596
Kupiškis d. mun.;2009;21596;8512;13084
Kupiškis d. mun.;2008;22052;8720;13332
Kupiškis d. mun.;2007;22509;8899;13610
Kupiškis d. mun.;2006;22920;8978;13942
Kupiškis d. mun.;2005;23422;9161;14261
Kupiškis d. mun.;2004;23865;9352;14513
Kupiškis d. mun.;2003;24240;9526;14714
Kupiškis d. mun.;2002;24492;9610;14882
Kupiškis d. mun.;2001;24622;9636;14986
Kupiškis d. mun.;2000;24742;;
Kupiškis d. mun.;1999;25039;;
Kupiškis d. mun.;1998;25285;;
Kupiškis d. mun.;1997;25504;;
Kupiškis d. mun.;1996;25693;;
Lazdijai d. mun.;2018;19115;4956;14159
Lazdijai d. mun.;2017;19821;5244;14577
Lazdijai d. mun.;2016;20438;5460;14978
Lazdijai d. mun.;2015;20813;5571;15242
Lazdijai d. mun.;2014;21254;5713;15541
Lazdijai d. mun.;2013;21639;5776;15863
Lazdijai d. mun.;2012;22064;5837;16227
Lazdijai d. mun.;2011;22509;5962;16547
Lazdijai d. mun.;2010;23078;6130;16948
Lazdijai d. mun.;2009;23507;6166;17341
Lazdijai d. mun.;2008;23902;6240;17662
Lazdijai d. mun.;2007;24430;6359;18071
Lazdijai d. mun.;2006;24977;6452;18525
Lazdijai d. mun.;2005;25694;6635;19059
Lazdijai d. mun.;2004;26221;6755;19466
Lazdijai d. mun.;2003;26631;6833;19798
Lazdijai d. mun.;2002;26926;6894;20032
Lazdijai d. mun.;2001;27182;6895;20287
Lazdijai d. mun.;2000;27353;;
Lazdijai d. mun.;1999;27590;;
Lazdijai d. mun.;1998;27852;;
Lazdijai d. mun.;1997;28071;;
Lazdijai d. mun.;1996;28372;;
Marijampolė county;2018;141287;69127;72160
Marijampolė county;2017;145360;71214;74146
Marijampolė county;2016;149077;73342;75735
Marijampolė county;2015;151793;74806;76987
Marijampolė county;2014;154084;75932;78152
Marijampolė county;2013;156455;77019;79436
Marijampolė county;2012;159273;78590;80683
Marijampolė county;2011;162205;80234;81971
Marijampolė county;2010;167143;83097;84046
Marijampolė county;2009;169973;84618;85355
Marijampolė county;2008;172200;85764;86436
Marijampolė county;2007;174810;86860;87950
Marijampolė county;2006;177439;87816;89623
Marijampolė county;2005;181376;89493;91883
Marijampolė county;2004;184058;90841;93217
Marijampolė county;2003;185970;91904;94066
Marijampolė county;2002;187281;92558;94723
Marijampolė county;2001;188775;93216;95559
Marijampolė county;2000;189721;;
Marijampolė county;1999;190684;;
Marijampolė county;1998;191951;;
Marijampolė county;1997;192775;;
Marijampolė county;1996;193800;;
Marijampolė mun.;2018;54600;35692;18908
Marijampolė mun.;2017;55757;36602;19155
Marijampolė mun.;2016;57103;37599;19504
Marijampolė mun.;2015;58027;38345;19682
Marijampolė mun.;2014;58695;38846;19849
Marijampolė mun.;2013;59483;39542;19941
Marijampolė mun.;2012;60459;40332;20127
Marijampolė mun.;2011;61527;41206;20321
Marijampolė mun.;2010;63492;42667;20825
Marijampolė mun.;2009;64496;43495;21001
Marijampolė mun.;2008;65110;44148;20962
Marijampolė mun.;2007;65986;44797;21189
Marijampolė mun.;2006;66757;45268;21489
Marijampolė mun.;2005;68023;46246;21777
Marijampolė mun.;2004;69088;47153;21935
Marijampolė mun.;2003;69789;47931;21858
Marijampolė mun.;2002;70275;48329;21946
Marijampolė mun.;2001;70910;48694;22216
Marijampolė mun.;2000;71146;;
Marijampolė mun.;1999;71508;;
Marijampolė mun.;1998;72051;;
Marijampolė mun.;1997;72472;;
Marijampolė mun.;1996;72873;;
Mažeikiai d. mun.;2018;52208;35904;16304
Mažeikiai d. mun.;2017;53380;36754;16626
Mažeikiai d. mun.;2016;54773;37902;16871
Mažeikiai d. mun.;2015;55441;38420;17021
Mažeikiai d. mun.;2014;56119;38847;17272
Mažeikiai d. mun.;2013;56773;39204;17569
Mažeikiai d. mun.;2012;57457;39640;17817
Mažeikiai d. mun.;2011;58431;40224;18207
Mažeikiai d. mun.;2010;60471;41760;18711
Mažeikiai d. mun.;2009;61443;42388;19055
Mažeikiai d. mun.;2008;61932;42588;19344
Mažeikiai d. mun.;2007;62750;42992;19758
Mažeikiai d. mun.;2006;63564;43389;20175
Mažeikiai d. mun.;2005;64882;44332;20550
Mažeikiai d. mun.;2004;65831;45119;20712
Mažeikiai d. mun.;2003;66469;45767;20702
Mažeikiai d. mun.;2002;66799;45929;20870
Mažeikiai d. mun.;2001;67295;46241;21054
Mažeikiai d. mun.;2000;67466;;
Mažeikiai d. mun.;1999;67874;;
Mažeikiai d. mun.;1998;68143;;
Mažeikiai d. mun.;1997;68591;;
Mažeikiai d. mun.;1996;69171;;
Molėtai d. mun.;2018;17856;5587;12269
Molėtai d. mun.;2017;18407;5759;12648
Molėtai d. mun.;2016;18877;5984;12893
Molėtai d. mun.;2015;19233;6085;13148
Molėtai d. mun.;2014;19582;6204;13378
Molėtai d. mun.;2013;20032;6302;13730
Molėtai d. mun.;2012;20390;6386;14004
Molėtai d. mun.;2011;20751;6433;14318
Molėtai d. mun.;2010;21238;6526;14712
Molėtai d. mun.;2009;21751;6633;15118
Molėtai d. mun.;2008;22221;6724;15497
Molėtai d. mun.;2007;22671;6773;15898
Molėtai d. mun.;2006;23128;6824;16304
Molėtai d. mun.;2005;23817;6956;16861
Molėtai d. mun.;2004;24268;7022;17246
Molėtai d. mun.;2003;24789;7117;17672
Molėtai d. mun.;2002;25114;7162;17952
Molėtai d. mun.;2001;25449;7219;18230
Molėtai d. mun.;2000;25618;;
Molėtai d. mun.;1999;25784;;
Molėtai d. mun.;1998;26014;;
Molėtai d. mun.;1997;26272;;
Molėtai d. mun.;1996;26442;;
Neringa mun.;2018;3224;3224;
Neringa mun.;2017;3097;3097;
Neringa mun.;2016;3020;3020;
Neringa mun.;2015;2879;2879;
Neringa mun.;2014;2752;2752;
Neringa mun.;2013;2719;2719;
Neringa mun.;2012;2641;2641;
Neringa mun.;2011;2564;2564;
Neringa mun.;2010;2403;2403;
Neringa mun.;2009;2477;2477;
Neringa mun.;2008;2300;2300;
Neringa mun.;2007;2204;2204;
Neringa mun.;2006;2230;2230;
Neringa mun.;2005;2316;2316;
Neringa mun.;2004;2244;2244;
Neringa mun.;2003;2160;2160;
Neringa mun.;2002;2202;2202;
Neringa mun.;2001;2399;2399;
Neringa mun.;2000;2369;;
Neringa mun.;1999;2359;;
Neringa mun.;1998;2379;;
Neringa mun.;1997;2441;;
Neringa mun.;1996;2459;;
Pagėgiai mun.;2018;7793;1794;5999
Pagėgiai mun.;2017;8094;1889;6205
Pagėgiai mun.;2016;8414;2029;6385
Pagėgiai mun.;2015;8711;2102;6609
Pagėgiai mun.;2014;8928;2140;6788
Pagėgiai mun.;2013;9124;2151;6973
Pagėgiai mun.;2012;9297;2190;7107
Pagėgiai mun.;2011;9535;2226;7309
Pagėgiai mun.;2010;9942;2301;7641
Pagėgiai mun.;2009;10190;2348;7842
Pagėgiai mun.;2008;10468;2422;8046
Pagėgiai mun.;2007;10808;2455;8353
Pagėgiai mun.;2006;11094;2511;8583
Pagėgiai mun.;2005;11476;2596;8880
Pagėgiai mun.;2004;11745;2641;9104
Pagėgiai mun.;2003;11974;2692;9282
Pagėgiai mun.;2002;12093;2714;9379
Pagėgiai mun.;2001;12212;2729;9483
Pagėgiai mun.;2000;12190;;
Pagėgiai mun.;1999;12247;;
Pagėgiai mun.;1998;12266;;
Pagėgiai mun.;1997;12247;;
Pagėgiai mun.;1996;12188;;
Pakruojis d. mun.;2018;19546;5755;13791
Pakruojis d. mun.;2017;20311;5977;14334
Pakruojis d. mun.;2016;20956;6172;14784
Pakruojis d. mun.;2015;21555;6286;15269
Pakruojis d. mun.;2014;21979;6322;15657
Pakruojis d. mun.;2013;22549;6426;16123
Pakruojis d. mun.;2012;23170;6557;16613
Pakruojis d. mun.;2011;23847;6716;17131
Pakruojis d. mun.;2010;24705;6961;17744
Pakruojis d. mun.;2009;25434;7075;18359
Pakruojis d. mun.;2008;25953;7171;18782
Pakruojis d. mun.;2007;26589;7297;19292
Pakruojis d. mun.;2006;27252;7446;19806
Pakruojis d. mun.;2005;28025;7632;20393
Pakruojis d. mun.;2004;28535;7755;20780
Pakruojis d. mun.;2003;28926;7744;21182
Pakruojis d. mun.;2002;29157;7786;21371
Pakruojis d. mun.;2001;29528;7868;21660
Pakruojis d. mun.;2000;29673;;
Pakruojis d. mun.;1999;29896;;
Pakruojis d. mun.;1998;30137;;
Pakruojis d. mun.;1997;30370;;
Pakruojis d. mun.;1996;30580;;
Palanga t. mun.;2018;15381;15381;
Palanga t. mun.;2017;15449;15449;
Palanga t. mun.;2016;15542;15542;
Palanga t. mun.;2015;15379;15379;
Palanga t. mun.;2014;15358;15358;
Palanga t. mun.;2013;15353;15353;
Palanga t. mun.;2012;15512;15512;
Palanga t. mun.;2011;15771;15771;
Palanga t. mun.;2010;16212;16212;
Palanga t. mun.;2009;16272;16272;
Palanga t. mun.;2008;16386;16386;
Palanga t. mun.;2007;16518;16518;
Palanga t. mun.;2006;16704;16704;
Palanga t. mun.;2005;17048;17048;
Palanga t. mun.;2004;17222;17222;
Palanga t. mun.;2003;17324;17324;
Palanga t. mun.;2002;17372;17372;
Palanga t. mun.;2001;17619;17619;
Palanga t. mun.;2000;17761;;
Palanga t. mun.;1999;17981;;
Palanga t. mun.;1998;18285;;
Palanga t. mun.;1997;18619;;
Palanga t. mun.;1996;18972;;
Panevėžys c. mun.;2018;88678;88678;
Panevėžys c. mun.;2017;91054;91054;
Panevėžys c. mun.;2016;93598;93598;
Panevėžys c. mun.;2015;95202;95202;
Panevėžys c. mun.;2014;96328;96328;
Panevėžys c. mun.;2013;97343;97343;
Panevėžys c. mun.;2012;98469;98469;
Panevėžys c. mun.;2011;100027;100027;
Panevėžys c. mun.;2010;103101;103101;
Panevėžys c. mun.;2009;104793;104793;
Panevėžys c. mun.;2008;106495;106495;
Panevėžys c. mun.;2007;108314;108314;
Panevėžys c. mun.;2006;109901;109901;
Panevėžys c. mun.;2005;112543;112543;
Panevėžys c. mun.;2004;114917;114917;
Panevėžys c. mun.;2003;116925;116925;
Panevėžys c. mun.;2002;118231;118231;
Panevėžys c. mun.;2001;119808;119808;
Panevėžys c. mun.;2000;121046;;
Panevėžys c. mun.;1999;122498;;
Panevėžys c. mun.;1998;123885;;
Panevėžys c. mun.;1997;125172;;
Panevėžys c. mun.;1996;126086;;
Panevėžys county;2018;218726;130112;88614
Panevėžys county;2017;225033;133824;91209
Panevėžys county;2016;231001;137800;93201
Panevėžys county;2015;235394;140234;95160
Panevėžys county;2014;238748;142047;96701
Panevėžys county;2013;242340;143810;98530
Panevėžys county;2012;246298;145923;100375
Panevėžys county;2011;251401;148498;102903
Panevėžys county;2010;259374;153052;106322
Panevėžys county;2009;264319;155513;108806
Panevėžys county;2008;268815;158198;110617
Panevėžys county;2007;273701;160981;112720
Panevėžys county;2006;278262;163410;114852
Panevėžys county;2005;284918;167236;117682
Panevėžys county;2004;290097;170581;119516
Panevėžys county;2003;294182;175199;118983
Panevėžys county;2002;296871;177009;119862
Panevėžys county;2001;300305;179261;121044
Panevėžys county;2000;302829;;
Panevėžys county;1999;306004;;
Panevėžys county;1998;309061;;
Panevėžys county;1997;312152;;
Panevėžys county;1996;314553;;
Panevėžys d. mun.;2018;35734;1425;34309
Panevėžys d. mun.;2017;36417;1437;34980
Panevėžys d. mun.;2016;36705;1472;35233
Panevėžys d. mun.;2015;37173;1489;35684
Panevėžys d. mun.;2014;37488;1522;35966
Panevėžys d. mun.;2013;37867;1558;36309
Panevėžys d. mun.;2012;38392;1560;36832
Panevėžys d. mun.;2011;39164;1584;37580
Panevėžys d. mun.;2010;40377;1626;38751
Panevėžys d. mun.;2009;40980;1654;39326
Panevėžys d. mun.;2008;41162;1683;39479
Panevėžys d. mun.;2007;41573;1689;39884
Panevėžys d. mun.;2006;41930;1699;40231
Panevėžys d. mun.;2005;42435;1670;40765
Panevėžys d. mun.;2004;42588;1686;40902
Panevėžys d. mun.;2003;42657;1705;40952
Panevėžys d. mun.;2002;42628;1723;40905
Panevėžys d. mun.;2001;42886;1746;41140
Panevėžys d. mun.;2000;42695;;
Panevėžys d. mun.;1999;42724;;
Panevėžys d. mun.;1998;42649;;
Panevėžys d. mun.;1997;42675;;
Panevėžys d. mun.;1996;42712;;
Pasvalys d. mun.;2018;23967;7581;16386
Pasvalys d. mun.;2017;24796;7836;16960
Pasvalys d. mun.;2016;25601;8092;17509
Pasvalys d. mun.;2015;26213;8184;18029
Pasvalys d. mun.;2014;26653;8263;18390
Pasvalys d. mun.;2013;27245;8399;18846
Pasvalys d. mun.;2012;27752;8557;19195
Pasvalys d. mun.;2011;28511;8757;19754
Pasvalys d. mun.;2010;29400;8976;20424
Pasvalys d. mun.;2009;30004;9134;20870
Pasvalys d. mun.;2008;30598;9276;21322
Pasvalys d. mun.;2007;31230;9437;21793
Pasvalys d. mun.;2006;31898;9595;22303
Pasvalys d. mun.;2005;32870;9781;23089
Pasvalys d. mun.;2004;33629;9980;23649
Pasvalys d. mun.;2003;34211;10056;24155
Pasvalys d. mun.;2002;34569;10110;24459
Pasvalys d. mun.;2001;34980;10206;24774
Pasvalys d. mun.;2000;35275;;
Pasvalys d. mun.;1999;35628;;
Pasvalys d. mun.;1998;36017;;
Pasvalys d. mun.;1997;36419;;
Pasvalys d. mun.;1996;36626;;
Plungė d. mun.;2018;33707;17296;16411
Plungė d. mun.;2017;34737;18014;16723
Plungė d. mun.;2016;35514;18593;16921
Plungė d. mun.;2015;36052;18904;17148
Plungė d. mun.;2014;36498;19153;17345
Plungė d. mun.;2013;37082;19483;17599
Plungė d. mun.;2012;37576;19785;17791
Plungė d. mun.;2011;38275;20085;18190
Plungė d. mun.;2010;39611;20916;18695
Plungė d. mun.;2009;40095;21167;18928
Plungė d. mun.;2008;40473;21311;19162
Plungė d. mun.;2007;40961;21454;19507
Plungė d. mun.;2006;41588;21800;19788
Plungė d. mun.;2005;42832;22493;20339
Plungė d. mun.;2004;43349;22834;20515
Plungė d. mun.;2003;43676;23158;20518
Plungė d. mun.;2002;43809;23254;20555
Plungė d. mun.;2001;44233;23436;20797
Plungė d. mun.;2000;44398;;
Plungė d. mun.;1999;44430;;
Plungė d. mun.;1998;44434;;
Plungė d. mun.;1997;44455;;
Plungė d. mun.;1996;44419;;
Prienai d. mun.;2018;26492;9642;16850
Prienai d. mun.;2017;27121;9922;17199
Prienai d. mun.;2016;27676;10244;17432
Prienai d. mun.;2015;28181;10410;17771
Prienai d. mun.;2014;28521;10546;17975
Prienai d. mun.;2013;29023;10772;18251
Prienai d. mun.;2012;29365;10924;18441
Prienai d. mun.;2011;29936;11133;18803
Prienai d. mun.;2010;30989;11628;19361
Prienai d. mun.;2009;31457;11785;19672
Prienai d. mun.;2008;31807;11843;19964
Prienai d. mun.;2007;32421;11986;20435
Prienai d. mun.;2006;33060;12164;20896
Prienai d. mun.;2005;33866;12356;21510
Prienai d. mun.;2004;34438;12508;21930
Prienai d. mun.;2003;35021;12720;22301
Prienai d. mun.;2002;35369;12775;22594
Prienai d. mun.;2001;35769;12859;22910
Prienai d. mun.;2000;35782;;
Prienai d. mun.;1999;35898;;
Prienai d. mun.;1998;35999;;
Prienai d. mun.;1997;35951;;
Prienai d. mun.;1996;36150;;
Radviliškis d. mun.;2018;36170;17800;18370
Radviliškis d. mun.;2017;37112;18160;18952
Radviliškis d. mun.;2016;38253;18798;19455
Radviliškis d. mun.;2015;39043;18980;20063
Radviliškis d. mun.;2014;39689;19189;20500
Radviliškis d. mun.;2013;40567;19462;21105
Radviliškis d. mun.;2012;41489;19803;21686
Radviliškis d. mun.;2011;42606;20254;22352
Radviliškis d. mun.;2010;44518;21185;23333
Radviliškis d. mun.;2009;45668;21637;24031
Radviliškis d. mun.;2008;46681;22002;24679
Radviliškis d. mun.;2007;47500;22183;25317
Radviliškis d. mun.;2006;48474;22483;25991
Radviliškis d. mun.;2005;49668;22882;26786
Radviliškis d. mun.;2004;50638;23231;27407
Radviliškis d. mun.;2003;51212;23750;27462
Radviliškis d. mun.;2002;51711;23956;27755
Radviliškis d. mun.;2001;52203;24197;28006
Radviliškis d. mun.;2000;52664;;
Radviliškis d. mun.;1999;53172;;
Radviliškis d. mun.;1998;53681;;
Radviliškis d. mun.;1997;53996;;
Radviliškis d. mun.;1996;54318;;
Raseiniai d. mun.;2018;32510;12691;19819
Raseiniai d. mun.;2017;33467;13079;20388
Raseiniai d. mun.;2016;34294;13491;20803
Raseiniai d. mun.;2015;35013;13742;21271
Raseiniai d. mun.;2014;35489;13829;21660
Raseiniai d. mun.;2013;36056;14039;22017
Raseiniai d. mun.;2012;36846;14243;22603
Raseiniai d. mun.;2011;37628;14428;23200
Raseiniai d. mun.;2010;38852;14954;23898
Raseiniai d. mun.;2009;39647;15188;24459
Raseiniai d. mun.;2008;40361;15415;24946
Raseiniai d. mun.;2007;40996;15587;25409
Raseiniai d. mun.;2006;41530;15664;25866
Raseiniai d. mun.;2005;42282;15824;26458
Raseiniai d. mun.;2004;42958;15993;26965
Raseiniai d. mun.;2003;43438;16098;27340
Raseiniai d. mun.;2002;43880;16193;27687
Raseiniai d. mun.;2001;44177;16264;27913
Raseiniai d. mun.;2000;44520;;
Raseiniai d. mun.;1999;44788;;
Raseiniai d. mun.;1998;45046;;
Raseiniai d. mun.;1997;45367;;
Raseiniai d. mun.;1996;45677;;
Republic of Lithuania;2018;2808901;1884722;924179
Republic of Lithuania;2017;2847904;1911068;936836
Republic of Lithuania;2016;2888558;1943228;945330
Republic of Lithuania;2015;2921262;1962613;958649
Republic of Lithuania;2014;2943472;1974580;968892
Republic of Lithuania;2013;2971905;1989268;982637
Republic of Lithuania;2012;3003641;2005604;998037
Republic of Lithuania;2011;3052588;2037126;1015462
Republic of Lithuania;2010;3141976;2099064;1042912
Republic of Lithuania;2009;3183856;2125433;1058423
Republic of Lithuania;2008;3212605;2144383;1068222
Republic of Lithuania;2007;3249983;2167358;1082625
Republic of Lithuania;2006;3289835;2190656;1099179
Republic of Lithuania;2005;3355220;2233522;1121698
Republic of Lithuania;2004;3398929;2264893;1134036
Republic of Lithuania;2003;3431497;2295077;1136420
Republic of Lithuania;2002;3454637;2310969;1143668
Republic of Lithuania;2001;3486998;2334193;1152805
Republic of Lithuania;2000;3512074;2357087;1154987
Republic of Lithuania;1999;3536401;2377205;1159196
Republic of Lithuania;1998;3562261;2398501;1163760
Republic of Lithuania;1997;3588013;2428656;1159357
Republic of Lithuania;1996;3615212;2432899;1182313
Rietavas mun.;2018;7542;3200;4342
Rietavas mun.;2017;7727;3305;4422
Rietavas mun.;2016;7947;3437;4510
Rietavas mun.;2015;8096;3516;4580
Rietavas mun.;2014;8255;3574;4681
Rietavas mun.;2013;8399;3635;4764
Rietavas mun.;2012;8537;3192;5345
Rietavas mun.;2011;8717;3258;5459
Rietavas mun.;2010;8981;3364;5617
Rietavas mun.;2009;9205;3426;5779
Rietavas mun.;2008;9437;3502;5935
Rietavas mun.;2007;9660;3589;6071
Rietavas mun.;2006;9854;3669;6185
Rietavas mun.;2005;10151;3761;6390
Rietavas mun.;2004;10323;3831;6492
Rietavas mun.;2003;10453;3910;6543
Rietavas mun.;2002;10588;3925;6663
Rietavas mun.;2001;10681;3979;6702
Rietavas mun.;2000;10697;;
Rietavas mun.;1999;10773;;
Rietavas mun.;1998;10786;;
Rietavas mun.;1997;10822;;
Rietavas mun.;1996;10800;;
Rokiškis d. mun.;2018;29472;13922;15550
Rokiškis d. mun.;2017;30451;14363;16088
Rokiškis d. mun.;2016;31454;14860;16594
Rokiškis d. mun.;2015;32191;15143;17048
Rokiškis d. mun.;2014;32748;15362;17386
Rokiškis d. mun.;2013;33434;15598;17836
Rokiškis d. mun.;2012;34218;15896;18322
Rokiškis d. mun.;2011;35022;16284;18738
Rokiškis d. mun.;2010;35993;16739;19254
Rokiškis d. mun.;2009;36768;16994;19774
Rokiškis d. mun.;2008;37549;17242;20307
Rokiškis d. mun.;2007;38309;17507;20802
Rokiškis d. mun.;2006;39098;17797;21301
Rokiškis d. mun.;2005;40097;18234;21863
Rokiškis d. mun.;2004;40832;18503;22329
Rokiškis d. mun.;2003;41434;20731;20703
Rokiškis d. mun.;2002;41888;20936;20952
Rokiškis d. mun.;2001;42511;21225;21286
Rokiškis d. mun.;2000;43129;;
Rokiškis d. mun.;1999;43731;;
Rokiškis d. mun.;1998;44373;;
Rokiškis d. mun.;1997;45093;;
Rokiškis d. mun.;1996;45718;;
Šakiai d. mun.;2018;28039;8277;19762
Šakiai d. mun.;2017;28938;8561;20377
Šakiai d. mun.;2016;29693;8852;20841
Šakiai d. mun.;2015;30321;9043;21278
Šakiai d. mun.;2014;30861;9117;21744
Šakiai d. mun.;2013;31402;9203;22199
Šakiai d. mun.;2012;32026;9403;22623
Šakiai d. mun.;2011;32590;9538;23052
Šakiai d. mun.;2010;33486;9752;23734
Šakiai d. mun.;2009;34110;9892;24218
Šakiai d. mun.;2008;34784;10053;24731
Šakiai d. mun.;2007;35435;10171;25264
Šakiai d. mun.;2006;36073;10223;25850
Šakiai d. mun.;2005;37004;10372;26632
Šakiai d. mun.;2004;37575;10560;27015
Šakiai d. mun.;2003;38158;10648;27510
Šakiai d. mun.;2002;38438;10731;27707
Šakiai d. mun.;2001;38788;10816;27972
Šakiai d. mun.;2000;39066;;
Šakiai d. mun.;1999;39238;;
Šakiai d. mun.;1998;39421;;
Šakiai d. mun.;1997;39495;;
Šakiai d. mun.;1996;39625;;
Šalčininkai d. mun.;2018;31265;10771;20494
Šalčininkai d. mun.;2017;31789;10855;20934
Šalčininkai d. mun.;2016;32305;10997;21308
Šalčininkai d. mun.;2015;32705;10977;21728
Šalčininkai d. mun.;2014;33172;10915;22257
Šalčininkai d. mun.;2013;33710;10887;22823
Šalčininkai d. mun.;2012;34175;10851;23324
Šalčininkai d. mun.;2011;34671;10895;23776
Šalčininkai d. mun.;2010;35357;11122;24235
Šalčininkai d. mun.;2009;35802;11207;24595
Šalčininkai d. mun.;2008;36145;11254;24891
Šalčininkai d. mun.;2007;36566;11263;25303
Šalčininkai d. mun.;2006;37016;11298;25718
Šalčininkai d. mun.;2005;37727;11423;26304
Šalčininkai d. mun.;2004;38205;11480;26725
Šalčininkai d. mun.;2003;38563;11476;27087
Šalčininkai d. mun.;2002;38903;11511;27392
Šalčininkai d. mun.;2001;39384;11597;27787
Šalčininkai d. mun.;2000;39502;;
Šalčininkai d. mun.;1999;39610;;
Šalčininkai d. mun.;1998;39850;;
Šalčininkai d. mun.;1997;39974;;
Šalčininkai d. mun.;1996;40097;;
Šiauliai c. mun.;2018;100575;100575;
Šiauliai c. mun.;2017;101214;101214;
Šiauliai c. mun.;2016;102981;102981;
Šiauliai c. mun.;2015;104569;104569;
Šiauliai c. mun.;2014;105610;105610;
Šiauliai c. mun.;2013;106470;106470;
Šiauliai c. mun.;2012;107689;107689;
Šiauliai c. mun.;2011;109748;109748;
Šiauliai c. mun.;2010;114506;114506;
Šiauliai c. mun.;2009;116196;116196;
Šiauliai c. mun.;2008;117829;117829;
Šiauliai c. mun.;2007;120272;120272;
Šiauliai c. mun.;2006;122236;122236;
Šiauliai c. mun.;2005;125360;125360;
Šiauliai c. mun.;2004;127805;127805;
Šiauliai c. mun.;2003;130366;130366;
Šiauliai c. mun.;2002;131977;131977;
Šiauliai c. mun.;2001;134032;134032;
Šiauliai c. mun.;2000;135541;;
Šiauliai c. mun.;1999;137128;;
Šiauliai c. mun.;1998;138856;;
Šiauliai c. mun.;1997;140148;;
Šiauliai c. mun.;1996;141129;;
Šiauliai county;2018;265467;167491;97976
Šiauliai county;2017;270482;169928;100554
Šiauliai county;2016;276329;173729;102600
Šiauliai county;2015;281632;176446;105186
Šiauliai county;2014;285763;178435;107328
Šiauliai county;2013;290471;180619;109852
Šiauliai county;2012;295824;183228;112596
Šiauliai county;2011;303110;187133;115977
Šiauliai county;2010;316278;195050;121228
Šiauliai county;2009;323353;198675;124678
Šiauliai county;2008;328699;201758;126941
Šiauliai county;2007;335221;205508;129713
Šiauliai county;2006;341761;208915;132846
Šiauliai county;2005;350938;213975;136963
Šiauliai county;2004;357441;218093;139348
Šiauliai county;2003;362783;222134;140649
Šiauliai county;2002;366330;224631;141699
Šiauliai county;2001;370444;227518;142926
Šiauliai county;2000;373605;;
Šiauliai county;1999;376915;;
Šiauliai county;1998;380314;;
Šiauliai county;1997;382927;;
Šiauliai county;1996;385257;;
Šiauliai d. mun.;2018;41209;10916;30293
Šiauliai d. mun.;2017;41441;11116;30325
Šiauliai d. mun.;2016;41521;11230;30291
Šiauliai d. mun.;2015;41767;11256;30511
Šiauliai d. mun.;2014;42197;11409;30788
Šiauliai d. mun.;2013;42748;11534;31214
Šiauliai d. mun.;2012;43374;11691;31683
Šiauliai d. mun.;2011;44561;12049;32512
Šiauliai d. mun.;2010;46779;12749;34030
Šiauliai d. mun.;2009;47883;13075;34808
Šiauliai d. mun.;2008;48124;13160;34964
Šiauliai d. mun.;2007;48624;13296;35328
Šiauliai d. mun.;2006;49342;13473;35869
Šiauliai d. mun.;2005;50559;13668;36891
Šiauliai d. mun.;2004;51002;13808;37194
Šiauliai d. mun.;2003;51234;13984;37250
Šiauliai d. mun.;2002;51427;14121;37306
Šiauliai d. mun.;2001;51617;14186;37431
Šiauliai d. mun.;2000;51729;;
Šiauliai d. mun.;1999;51715;;
Šiauliai d. mun.;1998;51545;;
Šiauliai d. mun.;1997;51452;;
Šiauliai d. mun.;1996;51222;;
Šilalė d. mun.;2018;23060;4921;18139
Šilalė d. mun.;2017;23791;5114;18677
Šilalė d. mun.;2016;24433;5397;19036
Šilalė d. mun.;2015;24869;5459;19410
Šilalė d. mun.;2014;25191;5454;19737
Šilalė d. mun.;2013;25533;5507;20026
Šilalė d. mun.;2012;26047;5445;20602
Šilalė d. mun.;2011;26586;5486;21100
Šilalė d. mun.;2010;27416;5652;21764
Šilalė d. mun.;2009;27936;5701;22235
Šilalė d. mun.;2008;28439;5776;22663
Šilalė d. mun.;2007;28930;5823;23107
Šilalė d. mun.;2006;29586;5935;23651
Šilalė d. mun.;2005;30326;6060;24266
Šilalė d. mun.;2004;30768;6120;24648
Šilalė d. mun.;2003;31121;6227;24894
Šilalė d. mun.;2002;31405;6292;25113
Šilalė d. mun.;2001;31538;6294;25244
Šilalė d. mun.;2000;31686;;
Šilalė d. mun.;1999;31814;;
Šilalė d. mun.;1998;32063;;
Šilalė d. mun.;1997;32367;;
Šilalė d. mun.;1996;32613;;
Šilutė d. mun.;2018;38749;15419;23330
Šilutė d. mun.;2017;39902;15856;24046
Šilutė d. mun.;2016;41093;16521;24572
Šilutė d. mun.;2015;41814;16812;25002
Šilutė d. mun.;2014;42447;17002;25445
Šilutė d. mun.;2013;43218;17152;26066
Šilutė d. mun.;2012;44040;17360;26680
Šilutė d. mun.;2011;45380;17858;27522
Šilutė d. mun.;2010;47713;18988;28725
Šilutė d. mun.;2009;48566;19221;29345
Šilutė d. mun.;2008;49207;19427;29780
Šilutė d. mun.;2007;49994;19735;30259
Šilutė d. mun.;2006;50834;20043;30791
Šilutė d. mun.;2005;52184;20616;31568
Šilutė d. mun.;2004;53143;21011;32132
Šilutė d. mun.;2003;53906;21158;32748
Šilutė d. mun.;2002;54449;21276;33173
Šilutė d. mun.;2001;55352;21473;33879
Šilutė d. mun.;2000;55867;;
Šilutė d. mun.;1999;56197;;
Šilutė d. mun.;1998;56480;;
Šilutė d. mun.;1997;56402;;
Šilutė d. mun.;1996;56444;;
Širvintos d. mun.;2018;15570;5690;9880
Širvintos d. mun.;2017;15863;5758;10105
Širvintos d. mun.;2016;16074;5860;10214
Širvintos d. mun.;2015;16333;5966;10367
Širvintos d. mun.;2014;16599;6075;10524
Širvintos d. mun.;2013;16908;6197;10711
Širvintos d. mun.;2012;17225;6261;10964
Širvintos d. mun.;2011;17659;6470;11189
Širvintos d. mun.;2010;18166;6753;11413
Širvintos d. mun.;2009;18461;6861;11600
Širvintos d. mun.;2008;18752;6941;11811
Širvintos d. mun.;2007;18999;6988;12011
Širvintos d. mun.;2006;19239;7022;12217
Širvintos d. mun.;2005;19529;7116;12413
Širvintos d. mun.;2004;19677;7182;12495
Širvintos d. mun.;2003;19869;7210;12659
Širvintos d. mun.;2002;20081;7271;12810
Širvintos d. mun.;2001;20223;7264;12959
Širvintos d. mun.;2000;20401;;
Širvintos d. mun.;1999;20525;;
Širvintos d. mun.;1998;20778;;
Širvintos d. mun.;1997;21003;;
Širvintos d. mun.;1996;21125;;
Skuodas d. mun.;2018;16914;5417;11497
Skuodas d. mun.;2017;17557;5582;11975
Skuodas d. mun.;2016;18057;5808;12249
Skuodas d. mun.;2015;18498;5922;12576
Skuodas d. mun.;2014;18908;6032;12876
Skuodas d. mun.;2013;19513;6231;13282
Skuodas d. mun.;2012;20124;6387;13737
Skuodas d. mun.;2011;20694;6542;14152
Skuodas d. mun.;2010;21394;6805;14589
Skuodas d. mun.;2009;21807;6935;14872
Skuodas d. mun.;2008;22348;7082;15266
Skuodas d. mun.;2007;22849;7170;15679
Skuodas d. mun.;2006;23427;7307;16120
Skuodas d. mun.;2005;24143;7469;16674
Skuodas d. mun.;2004;24613;7641;16972
Skuodas d. mun.;2003;24973;7711;17262
Skuodas d. mun.;2002;25291;7833;17458
Skuodas d. mun.;2001;25637;7885;17752
Skuodas d. mun.;2000;25852;;
Skuodas d. mun.;1999;26169;;
Skuodas d. mun.;1998;26527;;
Skuodas d. mun.;1997;26826;;
Skuodas d. mun.;1996;27078;;
Švenčionys d. mun.;2018;23881;14692;9189
Švenčionys d. mun.;2017;24565;15122;9443
Švenčionys d. mun.;2016;25180;15474;9706
Švenčionys d. mun.;2015;25719;15730;9989
Švenčionys d. mun.;2014;26259;15896;10363
Švenčionys d. mun.;2013;26853;16205;10648
Švenčionys d. mun.;2012;27434;16514;10920
Švenčionys d. mun.;2011;27961;16783;11178
Švenčionys d. mun.;2010;28690;17162;11528
Švenčionys d. mun.;2009;29218;17451;11767
Švenčionys d. mun.;2008;29613;17636;11977
Švenčionys d. mun.;2007;30148;17823;12325
Švenčionys d. mun.;2006;30690;18054;12636
Švenčionys d. mun.;2005;31436;18398;13038
Švenčionys d. mun.;2004;32002;18601;13401
Švenčionys d. mun.;2003;32428;18810;13618
Švenčionys d. mun.;2002;32812;18983;13829
Švenčionys d. mun.;2001;33221;19187;14034
Švenčionys d. mun.;2000;33552;;
Švenčionys d. mun.;1999;33818;;
Švenčionys d. mun.;1998;34192;;
Švenčionys d. mun.;1997;34482;;
Švenčionys d. mun.;1996;34623;;
Tauragė county;2018;95817;40714;55103
Tauragė county;2017;98608;41883;56725
Tauragė county;2016;101200;43158;58042
Tauragė county;2015;103083;43687;59396
Tauragė county;2014;104623;44109;60514
Tauragė county;2013;106335;44505;61830
Tauragė county;2012;108125;44923;63202
Tauragė county;2011;110511;45714;64797
Tauragė county;2010;114763;47664;67099
Tauragė county;2009;117100;48449;68651
Tauragė county;2008;119179;49191;69988
Tauragė county;2007;121549;49903;71646
Tauragė county;2006;124020;50867;73153
Tauragė county;2005;127690;52238;75452
Tauragė county;2004;130179;53098;77081
Tauragė county;2003;131808;53772;78036
Tauragė county;2002;132982;54227;78755
Tauragė county;2001;134277;54732;79545
Tauragė county;2000;134924;;
Tauragė county;1999;135834;;
Tauragė county;1998;137048;;
Tauragė county;1997;138167;;
Tauragė county;1996;139045;;
Tauragė d. mun.;2018;38921;23466;15455
Tauragė d. mun.;2017;39923;24054;15869
Tauragė d. mun.;2016;40788;24640;16148
Tauragė d. mun.;2015;41341;24870;16471
Tauragė d. mun.;2014;41839;25118;16721
Tauragė d. mun.;2013;42494;25384;17110
Tauragė d. mun.;2012;43124;25692;17432
Tauragė d. mun.;2011;44059;26191;17868
Tauragė d. mun.;2010;45894;27381;18513
Tauragė d. mun.;2009;46683;27809;18874
Tauragė d. mun.;2008;47318;28122;19196
Tauragė d. mun.;2007;48119;28546;19573
Tauragė d. mun.;2006;48911;29036;19875
Tauragė d. mun.;2005;50371;29844;20527
Tauragė d. mun.;2004;51352;30397;20955
Tauragė d. mun.;2003;51861;30732;21129
Tauragė d. mun.;2002;52196;30970;21226
Tauragė d. mun.;2001;52732;31266;21466
Tauragė d. mun.;2000;52972;;
Tauragė d. mun.;1999;53334;;
Tauragė d. mun.;1998;53794;;
Tauragė d. mun.;1997;54248;;
Tauragė d. mun.;1996;54684;;
Telšiai county;2018;134139;79445;54694
Telšiai county;2017;137769;81817;55952
Telšiai county;2016;141293;84574;56719
Telšiai county;2015;143511;85908;57603
Telšiai county;2014;145482;86953;58529
Telšiai county;2013;147728;88185;59543
Telšiai county;2012;149843;88947;60896
Telšiai county;2011;152594;90356;62238
Telšiai county;2010;157718;93611;64107
Telšiai county;2009;160532;95152;65380
Telšiai county;2008;162431;95976;66455
Telšiai county;2007;164963;97112;67851
Telšiai county;2006;167888;98730;69158
Telšiai county;2005;172426;101427;70999
Telšiai county;2004;175090;103340;71750
Telšiai county;2003;177139;104976;72163
Telšiai county;2002;178315;105558;72757
Telšiai county;2001;179952;106421;73531
Telšiai county;2000;180499;;
Telšiai county;1999;181291;;
Telšiai county;1998;182099;;
Telšiai county;1997;183126;;
Telšiai county;1996;184245;;
Telšiai d. mun.;2018;40682;23045;17637
Telšiai d. mun.;2017;41925;23744;18181
Telšiai d. mun.;2016;43059;24642;18417
Telšiai d. mun.;2015;43922;25068;18854
Telšiai d. mun.;2014;44610;25379;19231
Telšiai d. mun.;2013;45474;25863;19611
Telšiai d. mun.;2012;46273;26330;19943
Telšiai d. mun.;2011;47171;26789;20382
Telšiai d. mun.;2010;48655;27571;21084
Telšiai d. mun.;2009;49789;28171;21618
Telšiai d. mun.;2008;50589;28575;22014
Telšiai d. mun.;2007;51592;29077;22515
Telšiai d. mun.;2006;52882;29872;23010
Telšiai d. mun.;2005;54561;30841;23720
Telšiai d. mun.;2004;55587;31556;24031
Telšiai d. mun.;2003;56541;32141;24400
Telšiai d. mun.;2002;57119;32450;24669
Telšiai d. mun.;2001;57743;32765;24978
Telšiai d. mun.;2000;57938;;
Telšiai d. mun.;1999;58214;;
Telšiai d. mun.;1998;58736;;
Telšiai d. mun.;1997;59258;;
Telšiai d. mun.;1996;59855;;
Trakai d. mun.;2018;32492;16493;15999
Trakai d. mun.;2017;32701;16780;15921
Trakai d. mun.;2016;33020;17101;15919
Trakai d. mun.;2015;33437;17447;15990
Trakai d. mun.;2014;33556;17653;15903
Trakai d. mun.;2013;33899;17914;15985
Trakai d. mun.;2012;34230;18224;16006
Trakai d. mun.;2011;34453;18365;16088
Trakai d. mun.;2010;35006;18730;16276
Trakai d. mun.;2009;35361;19015;16346
Trakai d. mun.;2008;35550;19115;16435
Trakai d. mun.;2007;35907;19276;16631
Trakai d. mun.;2006;36328;19512;16816
Trakai d. mun.;2005;36712;19678;17034
Trakai d. mun.;2004;36916;19822;17094
Trakai d. mun.;2003;36953;19882;17071
Trakai d. mun.;2002;37118;19957;17161
Trakai d. mun.;2001;37388;20047;17341
Trakai d. mun.;2000;37322;;
Trakai d. mun.;1999;37384;;
Trakai d. mun.;1998;37527;;
Trakai d. mun.;1997;37788;;
Trakai d. mun.;1996;37896;;
Ukmergė d. mun.;2018;34376;20570;13806
Ukmergė d. mun.;2017;35265;21132;14133
Ukmergė d. mun.;2016;36160;21819;14341
Ukmergė d. mun.;2015;36919;22244;14675
Ukmergė d. mun.;2014;37548;22510;15038
Ukmergė d. mun.;2013;38355;22904;15451
Ukmergė d. mun.;2012;39222;23398;15824
Ukmergė d. mun.;2011;40270;24001;16269
Ukmergė d. mun.;2010;42042;25141;16901
Ukmergė d. mun.;2009;42893;25726;17167
Ukmergė d. mun.;2008;43643;26108;17535
Ukmergė d. mun.;2007;44350;26434;17916
Ukmergė d. mun.;2006;45142;26768;18374
Ukmergė d. mun.;2005;46154;27316;18838
Ukmergė d. mun.;2004;46920;27732;19188
Ukmergė d. mun.;2003;47556;28120;19436
Ukmergė d. mun.;2002;48071;28380;19691
Ukmergė d. mun.;2001;48703;28753;19950
Ukmergė d. mun.;2000;48942;;
Ukmergė d. mun.;1999;49373;;
Ukmergė d. mun.;1998;49845;;
Ukmergė d. mun.;1997;50183;;
Ukmergė d. mun.;1996;50541;;
Utena county;2018;129639;72412;57227
Utena county;2017;133481;74504;58977
Utena county;2016;137193;76886;60307
Utena county;2015;140170;77882;62288
Utena county;2014;142564;79193;63371
Utena county;2013;145760;80842;64918
Utena county;2012;149001;82651;66350
Utena county;2011;152577;84532;68045
Utena county;2010;157472;87402;70070
Utena county;2009;161062;89182;71880
Utena county;2008;164167;90609;73558
Utena county;2007;167678;92165;75513
Utena county;2006;170829;93059;77770
Utena county;2005;175226;95247;79979
Utena county;2004;178637;96926;81711
Utena county;2003;181638;98520;83118
Utena county;2002;183973;99718;84255
Utena county;2001;186368;101034;85334
Utena county;2000;188621;;
Utena county;1999;190796;;
Utena county;1998;193248;;
Utena county;1997;195468;;
Utena county;1996;197005;;
Utena d. mun.;2018;37914;25869;12045
Utena d. mun.;2017;38836;26476;12360
Utena d. mun.;2016;39826;27179;12647
Utena d. mun.;2015;40454;27041;13413
Utena d. mun.;2014;41008;27484;13524
Utena d. mun.;2013;41751;28015;13736
Utena d. mun.;2012;42531;28581;13950
Utena d. mun.;2011;43396;29075;14321
Utena d. mun.;2010;44636;29915;14721
Utena d. mun.;2009;45558;30661;14897
Utena d. mun.;2008;46056;30901;15155
Utena d. mun.;2007;46783;31371;15412
Utena d. mun.;2006;47296;31700;15596
Utena d. mun.;2005;48139;32301;15838
Utena d. mun.;2004;48800;32868;15932
Utena d. mun.;2003;49439;33390;16049
Utena d. mun.;2002;49790;33717;16073
Utena d. mun.;2001;50176;33890;16286
Utena d. mun.;2000;50506;;
Utena d. mun.;1999;50976;;
Utena d. mun.;1998;51627;;
Utena d. mun.;1997;52266;;
Utena d. mun.;1996;52802;;
Varėna d. mun.;2018;21764;8195;13569
Varėna d. mun.;2017;22399;8444;13955
Varėna d. mun.;2016;23009;8777;14232
Varėna d. mun.;2015;23528;8921;14607
Varėna d. mun.;2014;23950;8974;14976
Varėna d. mun.;2013;24380;9059;15321
Varėna d. mun.;2012;24946;9153;15793
Varėna d. mun.;2011;25506;9244;16262
Varėna d. mun.;2010;26417;9594;16823
Varėna d. mun.;2009;26931;9735;17196
Varėna d. mun.;2008;27531;9897;17634
Varėna d. mun.;2007;28099;10036;18063
Varėna d. mun.;2006;28742;10184;18558
Varėna d. mun.;2005;29427;10346;19081
Varėna d. mun.;2004;30071;10497;19574
Varėna d. mun.;2003;30556;10638;19918
Varėna d. mun.;2002;30873;10710;20163
Varėna d. mun.;2001;31204;10877;20327
Varėna d. mun.;2000;31547;;
Varėna d. mun.;1999;31800;;
Varėna d. mun.;1998;32137;;
Varėna d. mun.;1997;32508;;
Varėna d. mun.;1996;32683;;
Vilkaviškis d. mun.;2018;36108;15386;20722
Vilkaviškis d. mun.;2017;37473;15926;21547
Vilkaviškis d. mun.;2016;38595;16509;22086
Vilkaviškis d. mun.;2015;39465;16900;22565
Vilkaviškis d. mun.;2014;40258;17278;22980
Vilkaviškis d. mun.;2013;41055;17553;23502
Vilkaviškis d. mun.;2012;41833;17930;23903
Vilkaviškis d. mun.;2011;42710;18374;24336
Vilkaviškis d. mun.;2010;44128;19146;24982
Vilkaviškis d. mun.;2009;44899;19457;25442
Vilkaviškis d. mun.;2008;45488;19631;25857
Vilkaviškis d. mun.;2007;46239;19852;26387
Vilkaviškis d. mun.;2006;47112;20133;26979
Vilkaviškis d. mun.;2005;48338;20579;27759
Vilkaviškis d. mun.;2004;49137;20799;28338
Vilkaviškis d. mun.;2003;49622;20976;28646
Vilkaviškis d. mun.;2002;49951;21092;28859
Vilkaviškis d. mun.;2001;50236;21199;29037
Vilkaviškis d. mun.;2000;50515;;
Vilkaviškis d. mun.;1999;50669;;
Vilkaviškis d. mun.;1998;50931;;
Vilkaviškis d. mun.;1997;51112;;
Vilkaviškis d. mun.;1996;51336;;
Vilnius c. mun.;2018;547484;547272;212
Vilnius c. mun.;2017;545280;545033;247
Vilnius c. mun.;2016;543493;543229;264
Vilnius c. mun.;2015;542626;542343;283
Vilnius c. mun.;2014;539707;539416;291
Vilnius c. mun.;2013;537152;536840;312
Vilnius c. mun.;2012;533279;532936;343
Vilnius c. mun.;2011;536127;535764;363
Vilnius c. mun.;2010;543191;542828;363
Vilnius c. mun.;2009;542969;542661;308
Vilnius c. mun.;2008;541596;541267;329
Vilnius c. mun.;2007;541732;541394;338
Vilnius c. mun.;2006;542525;542172;353
Vilnius c. mun.;2005;546773;546403;370
Vilnius c. mun.;2004;548729;548418;311
Vilnius c. mun.;2003;550213;549962;251
Vilnius c. mun.;2002;550924;550714;210
Vilnius c. mun.;2001;554281;554104;177
Vilnius c. mun.;2000;558816;;
Vilnius c. mun.;1999;562353;;
Vilnius c. mun.;1998;565881;;
Vilnius c. mun.;1997;571164;;
Vilnius c. mun.;1996;578327;;
Vilnius county;2018;805367;635886;169481
Vilnius county;2017;805173;635086;170087
Vilnius county;2016;805380;635174;170206
Vilnius county;2015;807523;635732;171791
Vilnius county;2014;806106;633652;172454
Vilnius county;2013;806308;632383;173925
Vilnius county;2012;805915;629869;176046
Vilnius county;2011;811515;634326;177189
Vilnius county;2010;824193;644480;179713
Vilnius county;2009;826445;645904;180541
Vilnius county;2008;826306;645571;180735
Vilnius county;2007;828191;646696;181495
Vilnius county;2006;831237;648646;182591
Vilnius county;2005;838556;654566;183990
Vilnius county;2004;841748;657771;183977
Vilnius county;2003;843320;660236;183084
Vilnius county;2002;845292;661710;183582
Vilnius county;2001;850668;666231;184437
Vilnius county;2000;855876;;
Vilnius county;1999;859964;;
Vilnius county;1998;864906;;
Vilnius county;1997;870265;;
Vilnius county;1996;877569;;
Vilnius d. mun.;2018;96575;4614;91961
Vilnius d. mun.;2017;95940;4677;91263
Vilnius d. mun.;2016;95189;4745;90444
Vilnius d. mun.;2015;95620;4866;90754
Vilnius d. mun.;2014;95031;4933;90098
Vilnius d. mun.;2013;95035;4992;90043
Vilnius d. mun.;2012;95650;4993;90657
Vilnius d. mun.;2011;95313;5057;90256
Vilnius d. mun.;2010;95939;5183;90756
Vilnius d. mun.;2009;95700;5250;90450
Vilnius d. mun.;2008;94669;5293;89376
Vilnius d. mun.;2007;93835;5377;88458
Vilnius d. mun.;2006;93324;5478;87846
Vilnius d. mun.;2005;92576;5598;86978
Vilnius d. mun.;2004;91284;5716;85568
Vilnius d. mun.;2003;89405;5767;83638
Vilnius d. mun.;2002;88807;5790;83017
Vilnius d. mun.;2001;88492;5895;82597
Vilnius d. mun.;2000;88091;;
Vilnius d. mun.;1999;87397;;
Vilnius d. mun.;1998;86972;;
Vilnius d. mun.;1997;85581;;
Vilnius d. mun.;1996;84550;;
Visaginas mun.;2018;18686;18514;172
Visaginas mun.;2017;19178;19022;156
Visaginas mun.;2016;19774;19630;144
Visaginas mun.;2015;20249;20144;105
Visaginas mun.;2014;20627;20532;95
Visaginas mun.;2013;21237;20988;249
Visaginas mun.;2012;21921;21688;233
Visaginas mun.;2011;22708;22485;223
Visaginas mun.;2010;23992;23790;202
Visaginas mun.;2009;24644;24395;249
Visaginas mun.;2008;25232;24974;258
Visaginas mun.;2007;25897;25618;279
Visaginas mun.;2006;26421;26144;277
Visaginas mun.;2005;27302;27021;281
Visaginas mun.;2004;27915;27627;288
Visaginas mun.;2003;28066;28066;
Visaginas mun.;2002;28718;28718;
Visaginas mun.;2001;29697;29697;
Visaginas mun.;2000;30797;;
Visaginas mun.;1999;31214;;
Visaginas mun.;1998;31600;;
Visaginas mun.;1997;31585;;
Visaginas mun.;1996;31340;;
Zarasai d. mun.;2018;15668;6832;8836
Zarasai d. mun.;2017;16169;7035;9134
Zarasai d. mun.;2016;16636;7229;9407
Zarasai d. mun.;2015;17035;7351;9684
Zarasai d. mun.;2014;17316;7428;9888
Zarasai d. mun.;2013;17693;7641;10052
Zarasai d. mun.;2012;18013;7772;10241
Zarasai d. mun.;2011;18472;7910;10562
Zarasai d. mun.;2010;19013;8157;10856
Zarasai d. mun.;2009;19409;8263;11146
Zarasai d. mun.;2008;19891;8428;11463
Zarasai d. mun.;2007;20376;8557;11819
Zarasai d. mun.;2006;20816;8674;12142
Zarasai d. mun.;2005;21386;8771;12615
Zarasai d. mun.;2004;21927;8946;12981
Zarasai d. mun.;2003;22394;9129;13265
Zarasai d. mun.;2002;22647;9220;13427
Zarasai d. mun.;2001;22863;9272;13591
Zarasai d. mun.;2000;23008;;
Zarasai d. mun.;1999;23381;;
Zarasai d. mun.;1998;23782;;
Zarasai d. mun.;1997;24129;;
Zarasai d. mun.;1996;24424;;
