Territory;Year;Density
Republic of Lithuania;1996;55.4
Republic of Lithuania;1997;54.9
Republic of Lithuania;1998;54.6
Republic of Lithuania;1999;54.2
Republic of Lithuania;2000;53.8
Republic of Lithuania;2001;53.4
Republic of Lithuania;2002;52.9
Republic of Lithuania;2003;52.5
Republic of Lithuania;2004;52.1
Republic of Lithuania;2005;51.4
Republic of Lithuania;2006;50.4
Republic of Lithuania;2007;49.8
Republic of Lithuania;2008;49.2
Republic of Lithuania;2009;48.8
Republic of Lithuania;2010;48.1
Republic of Lithuania;2011;46.7
Republic of Lithuania;2012;46.0
Republic of Lithuania;2013;45.5
Republic of Lithuania;2014;45.1
Republic of Lithuania;2015;44.7
Republic of Lithuania;2016;44.2
Republic of Lithuania;2017;43.6
Republic of Lithuania;2018;43.0
Vilnius county;1996;90.9
Vilnius county;1997;90.2
Vilnius county;1998;89.6
Vilnius county;1999;89.1
Vilnius county;2000;88.7
Vilnius county;2001;87.2
Vilnius county;2002;86.6
Vilnius county;2003;86.7
Vilnius county;2004;86.5
Vilnius county;2005;86.2
Vilnius county;2006;85.4
Vilnius county;2007;85.1
Vilnius county;2008;84.9
Vilnius county;2009;84.9
Vilnius county;2010;84.7
Vilnius county;2011;83.4
Vilnius county;2012;82.8
Vilnius county;2013;82.9
Vilnius county;2014;82.8
Vilnius county;2015;83.0
Vilnius county;2016;82.8
Vilnius county;2017;82.8
Vilnius county;2018;82.8
Elektrėnai mun.;1996;
Elektrėnai mun.;1997;
Elektrėnai mun.;1998;
Elektrėnai mun.;1999;
Elektrėnai mun.;2000;
Elektrėnai mun.;2001;53.9
Elektrėnai mun.;2002;53.1
Elektrėnai mun.;2003;55.7
Elektrėnai mun.;2004;55.0
Elektrėnai mun.;2005;54.3
Elektrėnai mun.;2006;53.0
Elektrėnai mun.;2007;52.4
Elektrėnai mun.;2008;51.7
Elektrėnai mun.;2009;51.2
Elektrėnai mun.;2010;50.7
Elektrėnai mun.;2011;49.2
Elektrėnai mun.;2012;48.5
Elektrėnai mun.;2013;47.9
Elektrėnai mun.;2014;47.6
Elektrėnai mun.;2015;47.5
Elektrėnai mun.;2016;47.1
Elektrėnai mun.;2017;46.7
Elektrėnai mun.;2018;46.6
Šalčininkai d. mun.;1996;
Šalčininkai d. mun.;1997;
Šalčininkai d. mun.;1998;
Šalčininkai d. mun.;1999;
Šalčininkai d. mun.;2000;
Šalčininkai d. mun.;2001;26.4
Šalčininkai d. mun.;2002;26.1
Šalčininkai d. mun.;2003;25.9
Šalčininkai d. mun.;2004;25.6
Šalčininkai d. mun.;2005;25.3
Šalčininkai d. mun.;2006;24.8
Šalčininkai d. mun.;2007;24.5
Šalčininkai d. mun.;2008;24.2
Šalčininkai d. mun.;2009;24.0
Šalčininkai d. mun.;2010;23.7
Šalčininkai d. mun.;2011;23.3
Šalčininkai d. mun.;2012;22.9
Šalčininkai d. mun.;2013;22.6
Šalčininkai d. mun.;2014;22.2
Šalčininkai d. mun.;2015;21.9
Šalčininkai d. mun.;2016;21.6
Šalčininkai d. mun.;2017;21.3
Šalčininkai d. mun.;2018;20.9
Širvintos d. mun.;1996;
Širvintos d. mun.;1997;
Širvintos d. mun.;1998;
Širvintos d. mun.;1999;
Širvintos d. mun.;2000;
Širvintos d. mun.;2001;22.3
Širvintos d. mun.;2002;22.2
Širvintos d. mun.;2003;21.9
Širvintos d. mun.;2004;21.7
Širvintos d. mun.;2005;21.6
Širvintos d. mun.;2006;21.2
Širvintos d. mun.;2007;21.0
Širvintos d. mun.;2008;20.7
Širvintos d. mun.;2009;20.4
Širvintos d. mun.;2010;20.1
Širvintos d. mun.;2011;19.5
Širvintos d. mun.;2012;19.0
Širvintos d. mun.;2013;18.7
Širvintos d. mun.;2014;18.3
Širvintos d. mun.;2015;18.0
Širvintos d. mun.;2016;17.8
Širvintos d. mun.;2017;17.5
Širvintos d. mun.;2018;17.2
Švenčionys d. mun.;1996;
Švenčionys d. mun.;1997;
Švenčionys d. mun.;1998;
Švenčionys d. mun.;1999;
Švenčionys d. mun.;2000;
Švenčionys d. mun.;2001;19.6
Švenčionys d. mun.;2002;19.4
Švenčionys d. mun.;2003;19.2
Švenčionys d. mun.;2004;18.9
Švenčionys d. mun.;2005;18.6
Švenčionys d. mun.;2006;18.1
Švenčionys d. mun.;2007;17.8
Švenčionys d. mun.;2008;17.5
Švenčionys d. mun.;2009;17.3
Švenčionys d. mun.;2010;17.0
Švenčionys d. mun.;2011;16.5
Švenčionys d. mun.;2012;16.2
Švenčionys d. mun.;2013;15.9
Švenčionys d. mun.;2014;15.5
Švenčionys d. mun.;2015;15.2
Švenčionys d. mun.;2016;14.9
Švenčionys d. mun.;2017;14.5
Švenčionys d. mun.;2018;14.1
Trakai d. mun.;1996;
Trakai d. mun.;1997;
Trakai d. mun.;1998;
Trakai d. mun.;1999;
Trakai d. mun.;2000;
Trakai d. mun.;2001;31.0
Trakai d. mun.;2002;30.7
Trakai d. mun.;2003;30.6
Trakai d. mun.;2004;30.6
Trakai d. mun.;2005;30.4
Trakai d. mun.;2006;30.1
Trakai d. mun.;2007;29.7
Trakai d. mun.;2008;29.4
Trakai d. mun.;2009;29.3
Trakai d. mun.;2010;29.0
Trakai d. mun.;2011;28.5
Trakai d. mun.;2012;28.3
Trakai d. mun.;2013;28.1
Trakai d. mun.;2014;27.8
Trakai d. mun.;2015;27.7
Trakai d. mun.;2016;27.4
Trakai d. mun.;2017;27.1
Trakai d. mun.;2018;26.9
Ukmergė d. mun.;1996;
Ukmergė d. mun.;1997;
Ukmergė d. mun.;1998;
Ukmergė d. mun.;1999;
Ukmergė d. mun.;2000;
Ukmergė d. mun.;2001;34.9
Ukmergė d. mun.;2002;34.5
Ukmergė d. mun.;2003;34.1
Ukmergė d. mun.;2004;33.6
Ukmergė d. mun.;2005;33.1
Ukmergė d. mun.;2006;32.4
Ukmergė d. mun.;2007;31.8
Ukmergė d. mun.;2008;31.3
Ukmergė d. mun.;2009;30.7
Ukmergė d. mun.;2010;30.1
Ukmergė d. mun.;2011;28.9
Ukmergė d. mun.;2012;28.1
Ukmergė d. mun.;2013;27.5
Ukmergė d. mun.;2014;26.9
Ukmergė d. mun.;2015;26.5
Ukmergė d. mun.;2016;25.9
Ukmergė d. mun.;2017;25.3
Ukmergė d. mun.;2018;24.6
Vilnius c. mun.;1996;
Vilnius c. mun.;1997;
Vilnius c. mun.;1998;
Vilnius c. mun.;1999;
Vilnius c. mun.;2000;
Vilnius c. mun.;2001;1382.2
Vilnius c. mun.;2002;1373.9
Vilnius c. mun.;2003;1372.1
Vilnius c. mun.;2004;1368.4
Vilnius c. mun.;2005;1363.5
Vilnius c. mun.;2006;1352.9
Vilnius c. mun.;2007;1351.0
Vilnius c. mun.;2008;1350.6
Vilnius c. mun.;2009;1354.0
Vilnius c. mun.;2010;1354.6
Vilnius c. mun.;2011;1337.0
Vilnius c. mun.;2012;1329.9
Vilnius c. mun.;2013;1339.5
Vilnius c. mun.;2014;1345.9
Vilnius c. mun.;2015;1356.6
Vilnius c. mun.;2016;1355.3
Vilnius c. mun.;2017;1359.8
Vilnius c. mun.;2018;1365.3
Vilnius d. mun.;1996;
Vilnius d. mun.;1997;
Vilnius d. mun.;1998;
Vilnius d. mun.;1999;
Vilnius d. mun.;2000;
Vilnius d. mun.;2001;41.6
Vilnius d. mun.;2002;41.7
Vilnius d. mun.;2003;42.0
Vilnius d. mun.;2004;42.9
Vilnius d. mun.;2005;43.5
Vilnius d. mun.;2006;43.8
Vilnius d. mun.;2007;44.1
Vilnius d. mun.;2008;44.5
Vilnius d. mun.;2009;45.0
Vilnius d. mun.;2010;45.1
Vilnius d. mun.;2011;44.8
Vilnius d. mun.;2012;44.9
Vilnius d. mun.;2013;44.6
Vilnius d. mun.;2014;44.6
Vilnius d. mun.;2015;44.9
Vilnius d. mun.;2016;44.7
Vilnius d. mun.;2017;45.1
Vilnius d. mun.;2018;45.4
Alytus county;1996;36.2
Alytus county;1997;35.9
Alytus county;1998;35.6
Alytus county;1999;35.2
Alytus county;2000;34.9
Alytus county;2001;34.7
Alytus county;2002;34.4
Alytus county;2003;34.1
Alytus county;2004;33.7
Alytus county;2005;33.1
Alytus county;2006;32.4
Alytus county;2007;31.9
Alytus county;2008;31.4
Alytus county;2009;30.9
Alytus county;2010;30.4
Alytus county;2011;29.2
Alytus county;2012;28.6
Alytus county;2013;28.0
Alytus county;2014;27.6
Alytus county;2015;27.3
Alytus county;2016;26.8
Alytus county;2017;26.1
Alytus county;2018;25.5
Alytus t. mun.;1996;
Alytus t. mun.;1997;
Alytus t. mun.;1998;
Alytus t. mun.;1999;
Alytus t. mun.;2000;
Alytus t. mun.;2001;1786.5
Alytus t. mun.;2002;1781.5
Alytus t. mun.;2003;1775.3
Alytus t. mun.;2004;1751.3
Alytus t. mun.;2005;1721.0
Alytus t. mun.;2006;1686.1
Alytus t. mun.;2007;1668.7
Alytus t. mun.;2008;1646.4
Alytus t. mun.;2009;1619.3
Alytus t. mun.;2010;1590.8
Alytus t. mun.;2011;1507.6
Alytus t. mun.;2012;1462.9
Alytus t. mun.;2013;1432.0
Alytus t. mun.;2014;1408.9
Alytus t. mun.;2015;1390.4
Alytus t. mun.;2016;1360.8
Alytus t. mun.;2017;1319.8
Alytus t. mun.;2018;1288.4
Alytus d. mun.;1996;
Alytus d. mun.;1997;
Alytus d. mun.;1998;
Alytus d. mun.;1999;
Alytus d. mun.;2000;
Alytus d. mun.;2001;23.3
Alytus d. mun.;2002;23.0
Alytus d. mun.;2003;22.7
Alytus d. mun.;2004;22.6
Alytus d. mun.;2005;22.4
Alytus d. mun.;2006;21.9
Alytus d. mun.;2007;21.6
Alytus d. mun.;2008;21.2
Alytus d. mun.;2009;21.0
Alytus d. mun.;2010;20.7
Alytus d. mun.;2011;20.1
Alytus d. mun.;2012;19.9
Alytus d. mun.;2013;19.7
Alytus d. mun.;2014;19.5
Alytus d. mun.;2015;19.3
Alytus d. mun.;2016;19.1
Alytus d. mun.;2017;18.9
Alytus d. mun.;2018;18.6
Druskininkai mun.;1996;
Druskininkai mun.;1997;
Druskininkai mun.;1998;
Druskininkai mun.;1999;
Druskininkai mun.;2000;
Druskininkai mun.;2001;56.2
Druskininkai mun.;2002;55.4
Druskininkai mun.;2003;55.0
Druskininkai mun.;2004;54.3
Druskininkai mun.;2005;53.4
Druskininkai mun.;2006;52.6
Druskininkai mun.;2007;51.7
Druskininkai mun.;2008;51.1
Druskininkai mun.;2009;50.6
Druskininkai mun.;2010;49.9
Druskininkai mun.;2011;48.2
Druskininkai mun.;2012;47.3
Druskininkai mun.;2013;46.7
Druskininkai mun.;2014;46.1
Druskininkai mun.;2015;45.8
Druskininkai mun.;2016;45.0
Druskininkai mun.;2017;44.2
Druskininkai mun.;2018;43.3
Lazdijai d. mun.;1996;
Lazdijai d. mun.;1997;
Lazdijai d. mun.;1998;
Lazdijai d. mun.;1999;
Lazdijai d. mun.;2000;
Lazdijai d. mun.;2001;20.8
Lazdijai d. mun.;2002;20.6
Lazdijai d. mun.;2003;20.3
Lazdijai d. mun.;2004;20.0
Lazdijai d. mun.;2005;19.6
Lazdijai d. mun.;2006;19.1
Lazdijai d. mun.;2007;18.7
Lazdijai d. mun.;2008;18.3
Lazdijai d. mun.;2009;18.0
Lazdijai d. mun.;2010;17.6
Lazdijai d. mun.;2011;17.2
Lazdijai d. mun.;2012;16.9
Lazdijai d. mun.;2013;16.5
Lazdijai d. mun.;2014;16.2
Lazdijai d. mun.;2015;15.9
Lazdijai d. mun.;2016;15.6
Lazdijai d. mun.;2017;15.2
Lazdijai d. mun.;2018;14.6
Varėna d. mun.;1996;
Varėna d. mun.;1997;
Varėna d. mun.;1998;
Varėna d. mun.;1999;
Varėna d. mun.;2000;
Varėna d. mun.;2001;14.1
Varėna d. mun.;2002;13.9
Varėna d. mun.;2003;13.8
Varėna d. mun.;2004;13.6
Varėna d. mun.;2005;13.3
Varėna d. mun.;2006;13.0
Varėna d. mun.;2007;12.7
Varėna d. mun.;2008;12.4
Varėna d. mun.;2009;12.1
Varėna d. mun.;2010;11.9
Varėna d. mun.;2011;11.5
Varėna d. mun.;2012;11.2
Varėna d. mun.;2013;11.0
Varėna d. mun.;2014;10.8
Varėna d. mun.;2015;10.6
Varėna d. mun.;2016;10.4
Varėna d. mun.;2017;10.1
Varėna d. mun.;2018;9.8
Kaunas county;1996;89.6
Kaunas county;1997;88.8
Kaunas county;1998;88.0
Kaunas county;1999;87.4
Kaunas county;2000;86.7
Kaunas county;2001;87.1
Kaunas county;2002;86.2
Kaunas county;2003;85.3
Kaunas county;2004;84.3
Kaunas county;2005;83.1
Kaunas county;2006;81.4
Kaunas county;2007;80.4
Kaunas county;2008;79.5
Kaunas county;2009;78.9
Kaunas county;2010;77.9
Kaunas county;2011;75.4
Kaunas county;2012;74.1
Kaunas county;2013;73.3
Kaunas county;2014;72.6
Kaunas county;2015;72.1
Kaunas county;2016;71.4
Kaunas county;2017;70.5
Kaunas county;2018;69.6
Birštonas mun.;1996;
Birštonas mun.;1997;
Birštonas mun.;1998;
Birštonas mun.;1999;
Birštonas mun.;2000;
Birštonas mun.;2001;44.0
Birštonas mun.;2002;43.2
Birštonas mun.;2003;42.7
Birštonas mun.;2004;42.3
Birštonas mun.;2005;41.3
Birštonas mun.;2006;40.1
Birštonas mun.;2007;39.5
Birštonas mun.;2008;39.2
Birštonas mun.;2009;38.5
Birštonas mun.;2010;37.7
Birštonas mun.;2011;37.0
Birštonas mun.;2012;36.5
Birštonas mun.;2013;36.0
Birštonas mun.;2014;35.2
Birštonas mun.;2015;35.8
Birštonas mun.;2016;35.5
Birštonas mun.;2017;34.9
Birštonas mun.;2018;34.2
Jonava d. mun.;1996;
Jonava d. mun.;1997;
Jonava d. mun.;1998;
Jonava d. mun.;1999;
Jonava d. mun.;2000;
Jonava d. mun.;2001;55.4
Jonava d. mun.;2002;55.1
Jonava d. mun.;2003;54.8
Jonava d. mun.;2004;54.6
Jonava d. mun.;2005;54.3
Jonava d. mun.;2006;53.4
Jonava d. mun.;2007;52.5
Jonava d. mun.;2008;52.0
Jonava d. mun.;2009;51.7
Jonava d. mun.;2010;50.9
Jonava d. mun.;2011;49.4
Jonava d. mun.;2012;48.4
Jonava d. mun.;2013;47.8
Jonava d. mun.;2014;47.1
Jonava d. mun.;2015;46.5
Jonava d. mun.;2016;45.8
Jonava d. mun.;2017;45.1
Jonava d. mun.;2018;44.6
Kaišiadorys d. mun.;1996;
Kaišiadorys d. mun.;1997;
Kaišiadorys d. mun.;1998;
Kaišiadorys d. mun.;1999;
Kaišiadorys d. mun.;2000;
Kaišiadorys d. mun.;2001;35.6
Kaišiadorys d. mun.;2002;35.4
Kaišiadorys d. mun.;2003;34.4
Kaišiadorys d. mun.;2004;34.1
Kaišiadorys d. mun.;2005;33.8
Kaišiadorys d. mun.;2006;33.3
Kaišiadorys d. mun.;2007;33.1
Kaišiadorys d. mun.;2008;32.7
Kaišiadorys d. mun.;2009;32.4
Kaišiadorys d. mun.;2010;32.0
Kaišiadorys d. mun.;2011;31.2
Kaišiadorys d. mun.;2012;30.7
Kaišiadorys d. mun.;2013;30.3
Kaišiadorys d. mun.;2014;29.8
Kaišiadorys d. mun.;2015;29.4
Kaišiadorys d. mun.;2016;28.9
Kaišiadorys d. mun.;2017;28.4
Kaišiadorys d. mun.;2018;27.8
Kaunas c. mun.;1996;
Kaunas c. mun.;1997;
Kaunas c. mun.;1998;
Kaunas c. mun.;1999;
Kaunas c. mun.;2000;
Kaunas c. mun.;2001;2418.5
Kaunas c. mun.;2002;2383.3
Kaunas c. mun.;2003;2358.2
Kaunas c. mun.;2004;2318.2
Kaunas c. mun.;2005;2273.6
Kaunas c. mun.;2006;2219.8
Kaunas c. mun.;2007;2190.6
Kaunas c. mun.;2008;2162.6
Kaunas c. mun.;2009;2136.3
Kaunas c. mun.;2010;2099.0
Kaunas c. mun.;2011;2021.1
Kaunas c. mun.;2012;1979.4
Kaunas c. mun.;2013;1954.7
Kaunas c. mun.;2014;1936.4
Kaunas c. mun.;2015;1919.5
Kaunas c. mun.;2016;1897.1
Kaunas c. mun.;2017;1864.3
Kaunas c. mun.;2018;1836.7
Kaunas d. mun.;1996;
Kaunas d. mun.;1997;
Kaunas d. mun.;1998;
Kaunas d. mun.;1999;
Kaunas d. mun.;2000;
Kaunas d. mun.;2001;54.4
Kaunas d. mun.;2002;54.6
Kaunas d. mun.;2003;54.9
Kaunas d. mun.;2004;55.6
Kaunas d. mun.;2005;55.6
Kaunas d. mun.;2006;55.5
Kaunas d. mun.;2007;55.7
Kaunas d. mun.;2008;56.1
Kaunas d. mun.;2009;57.3
Kaunas d. mun.;2010;58.1
Kaunas d. mun.;2011;57.4
Kaunas d. mun.;2012;57.6
Kaunas d. mun.;2013;57.8
Kaunas d. mun.;2014;58.2
Kaunas d. mun.;2015;59.1
Kaunas d. mun.;2016;59.9
Kaunas d. mun.;2017;60.9
Kaunas d. mun.;2018;62.0
Kėdainiai d. mun.;1996;
Kėdainiai d. mun.;1997;
Kėdainiai d. mun.;1998;
Kėdainiai d. mun.;1999;
Kėdainiai d. mun.;2000;
Kėdainiai d. mun.;2001;39.2
Kėdainiai d. mun.;2002;38.8
Kėdainiai d. mun.;2003;38.5
Kėdainiai d. mun.;2004;38.0
Kėdainiai d. mun.;2005;37.3
Kėdainiai d. mun.;2006;36.0
Kėdainiai d. mun.;2007;35.3
Kėdainiai d. mun.;2008;34.7
Kėdainiai d. mun.;2009;34.2
Kėdainiai d. mun.;2010;33.4
Kėdainiai d. mun.;2011;32.4
Kėdainiai d. mun.;2012;31.6
Kėdainiai d. mun.;2013;31.0
Kėdainiai d. mun.;2014;30.3
Kėdainiai d. mun.;2015;29.8
Kėdainiai d. mun.;2016;29.3
Kėdainiai d. mun.;2017;28.5
Kėdainiai d. mun.;2018;27.8
Prienai d. mun.;1996;
Prienai d. mun.;1997;
Prienai d. mun.;1998;
Prienai d. mun.;1999;
Prienai d. mun.;2000;
Prienai d. mun.;2001;34.7
Prienai d. mun.;2002;34.3
Prienai d. mun.;2003;34.0
Prienai d. mun.;2004;33.4
Prienai d. mun.;2005;32.8
Prienai d. mun.;2006;32.1
Prienai d. mun.;2007;31.4
Prienai d. mun.;2008;30.9
Prienai d. mun.;2009;30.5
Prienai d. mun.;2010;30.1
Prienai d. mun.;2011;29.0
Prienai d. mun.;2012;28.5
Prienai d. mun.;2013;28.2
Prienai d. mun.;2014;27.7
Prienai d. mun.;2015;27.3
Prienai d. mun.;2016;26.8
Prienai d. mun.;2017;26.3
Prienai d. mun.;2018;25.7
Raseiniai d. mun.;1996;
Raseiniai d. mun.;1997;
Raseiniai d. mun.;1998;
Raseiniai d. mun.;1999;
Raseiniai d. mun.;2000;
Raseiniai d. mun.;2001;28.1
Raseiniai d. mun.;2002;27.9
Raseiniai d. mun.;2003;27.6
Raseiniai d. mun.;2004;27.3
Raseiniai d. mun.;2005;26.9
Raseiniai d. mun.;2006;26.4
Raseiniai d. mun.;2007;26.1
Raseiniai d. mun.;2008;25.7
Raseiniai d. mun.;2009;25.2
Raseiniai d. mun.;2010;24.7
Raseiniai d. mun.;2011;23.9
Raseiniai d. mun.;2012;23.4
Raseiniai d. mun.;2013;22.9
Raseiniai d. mun.;2014;22.6
Raseiniai d. mun.;2015;22.3
Raseiniai d. mun.;2016;21.8
Raseiniai d. mun.;2017;21.3
Raseiniai d. mun.;2018;20.7
Klaipėda county;1996;68.9
Klaipėda county;1997;68.4
Klaipėda county;1998;68.1
Klaipėda county;1999;67.8
Klaipėda county;2000;67.5
Klaipėda county;2001;74.1
Klaipėda county;2002;73.3
Klaipėda county;2003;72.9
Klaipėda county;2004;72.3
Klaipėda county;2005;71.5
Klaipėda county;2006;70.0
Klaipėda county;2007;69.2
Klaipėda county;2008;68.6
Klaipėda county;2009;68.2
Klaipėda county;2010;67.3
Klaipėda county;2011;65.3
Klaipėda county;2012;64.3
Klaipėda county;2013;63.7
Klaipėda county;2014;63.2
Klaipėda county;2015;62.7
Klaipėda county;2016;62.2
Klaipėda county;2017;61.4
Klaipėda county;2018;60.8
Klaipėda c. mun.;1996;
Klaipėda c. mun.;1997;
Klaipėda c. mun.;1998;
Klaipėda c. mun.;1999;
Klaipėda c. mun.;2000;
Klaipėda c. mun.;2001;1971.6
Klaipėda c. mun.;2002;1948.1
Klaipėda c. mun.;2003;1933.9
Klaipėda c. mun.;2004;1906.2
Klaipėda c. mun.;2005;1873.7
Klaipėda c. mun.;2006;1820.2
Klaipėda c. mun.;2007;1789.7
Klaipėda c. mun.;2008;1762.1
Klaipėda c. mun.;2009;1741.8
Klaipėda c. mun.;2010;1715.7
Klaipėda c. mun.;2011;1662.2
Klaipėda c. mun.;2012;1634.1
Klaipėda c. mun.;2013;1617.8
Klaipėda c. mun.;2014;1605.2
Klaipėda c. mun.;2015;1577.2
Klaipėda c. mun.;2016;1574.8
Klaipėda c. mun.;2017;1544.0
Klaipėda c. mun.;2018;1519.5
Klaipėda d. mun.;1996;
Klaipėda d. mun.;1997;
Klaipėda d. mun.;1998;
Klaipėda d. mun.;1999;
Klaipėda d. mun.;2000;
Klaipėda d. mun.;2001;34.6
Klaipėda d. mun.;2002;34.7
Klaipėda d. mun.;2003;34.9
Klaipėda d. mun.;2004;35.5
Klaipėda d. mun.;2005;36.0
Klaipėda d. mun.;2006;36.3
Klaipėda d. mun.;2007;36.9
Klaipėda d. mun.;2008;37.8
Klaipėda d. mun.;2009;38.7
Klaipėda d. mun.;2010;38.8
Klaipėda d. mun.;2011;38.4
Klaipėda d. mun.;2012;38.5
Klaipėda d. mun.;2013;38.6
Klaipėda d. mun.;2014;39.0
Klaipėda d. mun.;2015;39.4
Klaipėda d. mun.;2016;40.4
Klaipėda d. mun.;2017;41.3
Klaipėda d. mun.;2018;42.4
Kretinga d. mun.;1996;
Kretinga d. mun.;1997;
Kretinga d. mun.;1998;
Kretinga d. mun.;1999;
Kretinga d. mun.;2000;
Kretinga d. mun.;2001;46.2
Kretinga d. mun.;2002;45.9
Kretinga d. mun.;2003;45.9
Kretinga d. mun.;2004;46.0
Kretinga d. mun.;2005;45.6
Kretinga d. mun.;2006;44.9
Kretinga d. mun.;2007;44.7
Kretinga d. mun.;2008;44.3
Kretinga d. mun.;2009;44.1
Kretinga d. mun.;2010;43.1
Kretinga d. mun.;2011;41.9
Kretinga d. mun.;2012;41.3
Kretinga d. mun.;2013;41.0
Kretinga d. mun.;2014;40.6
Kretinga d. mun.;2015;40.2
Kretinga d. mun.;2016;39.6
Kretinga d. mun.;2017;39.0
Kretinga d. mun.;2018;38.4
Neringa mun.;1996;
Neringa mun.;1997;
Neringa mun.;1998;
Neringa mun.;1999;
Neringa mun.;2000;
Neringa mun.;2001;26.7
Neringa mun.;2002;24.5
Neringa mun.;2003;24.0
Neringa mun.;2004;24.9
Neringa mun.;2005;25.7
Neringa mun.;2006;24.8
Neringa mun.;2007;24.5
Neringa mun.;2008;25.6
Neringa mun.;2009;27.5
Neringa mun.;2010;26.7
Neringa mun.;2011;28.5
Neringa mun.;2012;29.3
Neringa mun.;2013;30.2
Neringa mun.;2014;30.6
Neringa mun.;2015;32.0
Neringa mun.;2016;21.7
Neringa mun.;2017;22.3
Neringa mun.;2018;23.2
Palanga t. mun.;1996;
Palanga t. mun.;1997;
Palanga t. mun.;1998;
Palanga t. mun.;1999;
Palanga t. mun.;2000;
Palanga t. mun.;2001;223.0
Palanga t. mun.;2002;219.9
Palanga t. mun.;2003;219.3
Palanga t. mun.;2004;218.0
Palanga t. mun.;2005;215.8
Palanga t. mun.;2006;211.4
Palanga t. mun.;2007;209.1
Palanga t. mun.;2008;207.4
Palanga t. mun.;2009;206.0
Palanga t. mun.;2010;205.2
Palanga t. mun.;2011;199.6
Palanga t. mun.;2012;196.4
Palanga t. mun.;2013;194.3
Palanga t. mun.;2014;194.4
Palanga t. mun.;2015;194.7
Palanga t. mun.;2016;196.7
Palanga t. mun.;2017;195.6
Palanga t. mun.;2018;194.7
Skuodas d. mun.;1996;
Skuodas d. mun.;1997;
Skuodas d. mun.;1998;
Skuodas d. mun.;1999;
Skuodas d. mun.;2000;
Skuodas d. mun.;2001;28.1
Skuodas d. mun.;2002;27.8
Skuodas d. mun.;2003;27.4
Skuodas d. mun.;2004;27.0
Skuodas d. mun.;2005;26.5
Skuodas d. mun.;2006;25.7
Skuodas d. mun.;2007;25.1
Skuodas d. mun.;2008;24.5
Skuodas d. mun.;2009;23.9
Skuodas d. mun.;2010;23.5
Skuodas d. mun.;2011;22.7
Skuodas d. mun.;2012;22.1
Skuodas d. mun.;2013;21.4
Skuodas d. mun.;2014;20.8
Skuodas d. mun.;2015;20.3
Skuodas d. mun.;2016;19.8
Skuodas d. mun.;2017;19.3
Skuodas d. mun.;2018;18.6
Šilutė d. mun.;1996;
Šilutė d. mun.;1997;
Šilutė d. mun.;1998;
Šilutė d. mun.;1999;
Šilutė d. mun.;2000;
Šilutė d. mun.;2001;32.4
Šilutė d. mun.;2002;31.9
Šilutė d. mun.;2003;31.6
Šilutė d. mun.;2004;31.2
Šilutė d. mun.;2005;30.6
Šilutė d. mun.;2006;29.8
Šilutė d. mun.;2007;29.3
Šilutė d. mun.;2008;28.8
Šilutė d. mun.;2009;28.5
Šilutė d. mun.;2010;28.0
Šilutė d. mun.;2011;26.6
Šilutė d. mun.;2012;25.8
Šilutė d. mun.;2013;25.3
Šilutė d. mun.;2014;24.9
Šilutė d. mun.;2015;24.4
Šilutė d. mun.;2016;24.4
Šilutė d. mun.;2017;23.7
Šilutė d. mun.;2018;23.0
Marijampolė county;1996;43.4
Marijampolė county;1997;43.2
Marijampolė county;1998;43.0
Marijampolė county;1999;42.7
Marijampolė county;2000;42.5
Marijampolė county;2001;42.3
Marijampolė county;2002;42.0
Marijampolė county;2003;41.7
Marijampolė county;2004;41.2
Marijampolė county;2005;40.6
Marijampolė county;2006;39.8
Marijampolė county;2007;39.2
Marijampolė county;2008;38.6
Marijampolė county;2009;38.1
Marijampolė county;2010;37.5
Marijampolė county;2011;36.3
Marijampolė county;2012;35.7
Marijampolė county;2013;35.1
Marijampolė county;2014;34.5
Marijampolė county;2015;34.0
Marijampolė county;2016;33.4
Marijampolė county;2017;32.5
Marijampolė county;2018;31.6
Kalvarija mun.;1996;
Kalvarija mun.;1997;
Kalvarija mun.;1998;
Kalvarija mun.;1999;
Kalvarija mun.;2000;
Kalvarija mun.;2001;31.5
Kalvarija mun.;2002;31.1
Kalvarija mun.;2003;30.9
Kalvarija mun.;2004;30.6
Kalvarija mun.;2005;30.2
Kalvarija mun.;2006;29.7
Kalvarija mun.;2007;29.3
Kalvarija mun.;2008;28.9
Kalvarija mun.;2009;28.5
Kalvarija mun.;2010;28.1
Kalvarija mun.;2011;27.4
Kalvarija mun.;2012;27.0
Kalvarija mun.;2013;26.7
Kalvarija mun.;2014;26.4
Kalvarija mun.;2015;26.1
Kalvarija mun.;2016;25.7
Kalvarija mun.;2017;25.2
Kalvarija mun.;2018;24.5
Kazlų Rūda mun.;1996;
Kazlų Rūda mun.;1997;
Kazlų Rūda mun.;1998;
Kazlų Rūda mun.;1999;
Kazlų Rūda mun.;2000;
Kazlų Rūda mun.;2001;26.9
Kazlų Rūda mun.;2002;26.8
Kazlų Rūda mun.;2003;26.6
Kazlų Rūda mun.;2004;26.6
Kazlų Rūda mun.;2005;26.5
Kazlų Rūda mun.;2006;26.0
Kazlų Rūda mun.;2007;25.7
Kazlų Rūda mun.;2008;25.4
Kazlų Rūda mun.;2009;25.1
Kazlų Rūda mun.;2010;24.6
Kazlų Rūda mun.;2011;23.9
Kazlų Rūda mun.;2012;23.5
Kazlų Rūda mun.;2013;23.0
Kazlų Rūda mun.;2014;22.8
Kazlų Rūda mun.;2015;22.5
Kazlų Rūda mun.;2016;22.3
Kazlų Rūda mun.;2017;21.9
Kazlų Rūda mun.;2018;21.2
Marijampolė mun.;1996;
Marijampolė mun.;1997;
Marijampolė mun.;1998;
Marijampolė mun.;1999;
Marijampolė mun.;2000;
Marijampolė mun.;2001;93.9
Marijampolė mun.;2002;93.1
Marijampolė mun.;2003;92.4
Marijampolė mun.;2004;91.5
Marijampolė mun.;2005;90.1
Marijampolė mun.;2006;88.4
Marijampolė mun.;2007;87.4
Marijampolė mun.;2008;86.2
Marijampolė mun.;2009;85.4
Marijampolė mun.;2010;84.1
Marijampolė mun.;2011;81.5
Marijampolė mun.;2012;80.1
Marijampolė mun.;2013;78.8
Marijampolė mun.;2014;77.7
Marijampolė mun.;2015;76.9
Marijampolė mun.;2016;75.6
Marijampolė mun.;2017;73.9
Marijampolė mun.;2018;72.3
Šakiai d. mun.;1996;
Šakiai d. mun.;1997;
Šakiai d. mun.;1998;
Šakiai d. mun.;1999;
Šakiai d. mun.;2000;
Šakiai d. mun.;2001;26.7
Šakiai d. mun.;2002;26.5
Šakiai d. mun.;2003;26.3
Šakiai d. mun.;2004;25.9
Šakiai d. mun.;2005;25.5
Šakiai d. mun.;2006;24.8
Šakiai d. mun.;2007;24.4
Šakiai d. mun.;2008;23.9
Šakiai d. mun.;2009;23.5
Šakiai d. mun.;2010;23.0
Šakiai d. mun.;2011;22.4
Šakiai d. mun.;2012;22.0
Šakiai d. mun.;2013;21.6
Šakiai d. mun.;2014;21.2
Šakiai d. mun.;2015;20.9
Šakiai d. mun.;2016;20.4
Šakiai d. mun.;2017;19.9
Šakiai d. mun.;2018;19.3
Vilkaviškis d. mun.;1996;
Vilkaviškis d. mun.;1997;
Vilkaviškis d. mun.;1998;
Vilkaviškis d. mun.;1999;
Vilkaviškis d. mun.;2000;
Vilkaviškis d. mun.;2001;39.9
Vilkaviškis d. mun.;2002;39.7
Vilkaviškis d. mun.;2003;39.4
Vilkaviškis d. mun.;2004;39.0
Vilkaviškis d. mun.;2005;38.4
Vilkaviškis d. mun.;2006;37.4
Vilkaviškis d. mun.;2007;36.7
Vilkaviškis d. mun.;2008;36.1
Vilkaviškis d. mun.;2009;35.7
Vilkaviškis d. mun.;2010;35.1
Vilkaviškis d. mun.;2011;33.9
Vilkaviškis d. mun.;2012;33.2
Vilkaviškis d. mun.;2013;32.6
Vilkaviškis d. mun.;2014;32.0
Vilkaviškis d. mun.;2015;31.3
Vilkaviškis d. mun.;2016;30.6
Vilkaviškis d. mun.;2017;29.7
Vilkaviškis d. mun.;2018;28.6
Panevėžys county;1996;39.9
Panevėžys county;1997;39.6
Panevėžys county;1998;39.2
Panevėžys county;1999;38.8
Panevėžys county;2000;38.4
Panevėžys county;2001;38.1
Panevėžys county;2002;37.7
Panevėžys county;2003;37.3
Panevėžys county;2004;36.8
Panevėžys county;2005;36.2
Panevėžys county;2006;35.3
Panevėžys county;2007;34.7
Panevėžys county;2008;34.1
Panevėžys county;2009;33.5
Panevėžys county;2010;32.9
Panevėžys county;2011;31.9
Panevėžys county;2012;31.3
Panevėžys county;2013;30.7
Panevėžys county;2014;30.3
Panevėžys county;2015;29.9
Panevėžys county;2016;29.3
Panevėžys county;2017;28.6
Panevėžys county;2018;27.8
Biržai d. mun.;1996;
Biržai d. mun.;1997;
Biržai d. mun.;1998;
Biržai d. mun.;1999;
Biržai d. mun.;2000;
Biržai d. mun.;2001;24.1
Biržai d. mun.;2002;23.8
Biržai d. mun.;2003;23.5
Biržai d. mun.;2004;23.2
Biržai d. mun.;2005;22.7
Biržai d. mun.;2006;22.0
Biržai d. mun.;2007;21.5
Biržai d. mun.;2008;21.0
Biržai d. mun.;2009;20.4
Biržai d. mun.;2010;19.9
Biržai d. mun.;2011;19.2
Biržai d. mun.;2012;18.7
Biržai d. mun.;2013;18.3
Biržai d. mun.;2014;17.9
Biržai d. mun.;2015;17.6
Biržai d. mun.;2016;17.2
Biržai d. mun.;2017;16.7
Biržai d. mun.;2018;16.1
Kupiškis d. mun.;1996;
Kupiškis d. mun.;1997;
Kupiškis d. mun.;1998;
Kupiškis d. mun.;1999;
Kupiškis d. mun.;2000;
Kupiškis d. mun.;2001;22.8
Kupiškis d. mun.;2002;22.7
Kupiškis d. mun.;2003;22.4
Kupiškis d. mun.;2004;22.1
Kupiškis d. mun.;2005;21.7
Kupiškis d. mun.;2006;21.2
Kupiškis d. mun.;2007;20.8
Kupiškis d. mun.;2008;20.4
Kupiškis d. mun.;2009;20.0
Kupiškis d. mun.;2010;19.5
Kupiškis d. mun.;2011;18.8
Kupiškis d. mun.;2012;18.4
Kupiškis d. mun.;2013;18.0
Kupiškis d. mun.;2014;17.6
Kupiškis d. mun.;2015;17.3
Kupiškis d. mun.;2016;16.9
Kupiškis d. mun.;2017;16.4
Kupiškis d. mun.;2018;15.8
Panevėžys c. mun.;1996;
Panevėžys c. mun.;1997;
Panevėžys c. mun.;1998;
Panevėžys c. mun.;1999;
Panevėžys c. mun.;2000;
Panevėžys c. mun.;2001;2396.2
Panevėžys c. mun.;2002;2364.6
Panevėžys c. mun.;2003;2338.5
Panevėžys c. mun.;2004;2298.3
Panevėžys c. mun.;2005;2250.9
Panevėžys c. mun.;2006;2198.0
Panevėžys c. mun.;2007;2166.3
Panevėžys c. mun.;2008;2129.9
Panevėžys c. mun.;2009;2095.9
Panevėžys c. mun.;2010;2062.0
Panevėžys c. mun.;2011;2000.5
Panevėžys c. mun.;2012;1969.4
Panevėžys c. mun.;2013;1946.9
Panevėžys c. mun.;2014;1926.6
Panevėžys c. mun.;2015;1904.0
Panevėžys c. mun.;2016;1872.0
Panevėžys c. mun.;2017;1821.1
Panevėžys c. mun.;2018;1773.6
Panevėžys d. mun.;1996;
Panevėžys d. mun.;1997;
Panevėžys d. mun.;1998;
Panevėžys d. mun.;1999;
Panevėžys d. mun.;2000;
Panevėžys d. mun.;2001;19.7
Panevėžys d. mun.;2002;19.6
Panevėžys d. mun.;2003;19.6
Panevėžys d. mun.;2004;19.5
Panevėžys d. mun.;2005;19.5
Panevėžys d. mun.;2006;19.2
Panevėžys d. mun.;2007;19.1
Panevėžys d. mun.;2008;18.9
Panevėžys d. mun.;2009;18.8
Panevėžys d. mun.;2010;18.5
Panevėžys d. mun.;2011;18.0
Panevėžys d. mun.;2012;17.6
Panevėžys d. mun.;2013;17.4
Panevėžys d. mun.;2014;17.2
Panevėžys d. mun.;2015;17.1
Panevėžys d. mun.;2016;16.9
Panevėžys d. mun.;2017;16.7
Panevėžys d. mun.;2018;16.4
Pasvalys d. mun.;1996;
Pasvalys d. mun.;1997;
Pasvalys d. mun.;1998;
Pasvalys d. mun.;1999;
Pasvalys d. mun.;2000;
Pasvalys d. mun.;2001;27.1
Pasvalys d. mun.;2002;26.8
Pasvalys d. mun.;2003;26.5
Pasvalys d. mun.;2004;26.1
Pasvalys d. mun.;2005;25.5
Pasvalys d. mun.;2006;24.7
Pasvalys d. mun.;2007;24.2
Pasvalys d. mun.;2008;23.7
Pasvalys d. mun.;2009;23.3
Pasvalys d. mun.;2010;22.8
Pasvalys d. mun.;2011;22.1
Pasvalys d. mun.;2012;21.5
Pasvalys d. mun.;2013;21.1
Pasvalys d. mun.;2014;20.7
Pasvalys d. mun.;2015;20.3
Pasvalys d. mun.;2016;19.9
Pasvalys d. mun.;2017;19.2
Pasvalys d. mun.;2018;18.6
Rokiškis d. mun.;1996;
Rokiškis d. mun.;1997;
Rokiškis d. mun.;1998;
Rokiškis d. mun.;1999;
Rokiškis d. mun.;2000;
Rokiškis d. mun.;2001;23.5
Rokiškis d. mun.;2002;23.2
Rokiškis d. mun.;2003;22.9
Rokiškis d. mun.;2004;22.6
Rokiškis d. mun.;2005;22.2
Rokiškis d. mun.;2006;21.6
Rokiškis d. mun.;2007;21.2
Rokiškis d. mun.;2008;20.8
Rokiškis d. mun.;2009;20.3
Rokiškis d. mun.;2010;19.9
Rokiškis d. mun.;2011;19.4
Rokiškis d. mun.;2012;18.9
Rokiškis d. mun.;2013;18.5
Rokiškis d. mun.;2014;18.1
Rokiškis d. mun.;2015;17.8
Rokiškis d. mun.;2016;17.4
Rokiškis d. mun.;2017;16.9
Rokiškis d. mun.;2018;16.3
Šiauliai county;1996;44.0
Šiauliai county;1997;43.8
Šiauliai county;1998;43.5
Šiauliai county;1999;43.1
Šiauliai county;2000;42.7
Šiauliai county;2001;43.4
Šiauliai county;2002;42.9
Šiauliai county;2003;42.5
Šiauliai county;2004;41.9
Šiauliai county;2005;41.1
Šiauliai county;2006;40.0
Šiauliai county;2007;39.3
Šiauliai county;2008;38.5
Šiauliai county;2009;37.9
Šiauliai county;2010;37.0
Šiauliai county;2011;35.5
Šiauliai county;2012;34.6
Šiauliai county;2013;34.0
Šiauliai county;2014;33.5
Šiauliai county;2015;33.0
Šiauliai county;2016;32.4
Šiauliai county;2017;31.7
Šiauliai county;2018;31.1
Akmenė d. mun.;1996;
Akmenė d. mun.;1997;
Akmenė d. mun.;1998;
Akmenė d. mun.;1999;
Akmenė d. mun.;2000;
Akmenė d. mun.;2001;35.9
Akmenė d. mun.;2002;35.5
Akmenė d. mun.;2003;35.0
Akmenė d. mun.;2004;34.3
Akmenė d. mun.;2005;33.5
Akmenė d. mun.;2006;32.4
Akmenė d. mun.;2007;31.6
Akmenė d. mun.;2008;30.8
Akmenė d. mun.;2009;30.0
Akmenė d. mun.;2010;29.0
Akmenė d. mun.;2011;27.8
Akmenė d. mun.;2012;27.0
Akmenė d. mun.;2013;26.3
Akmenė d. mun.;2014;25.7
Akmenė d. mun.;2015;25.3
Akmenė d. mun.;2016;24.7
Akmenė d. mun.;2017;23.9
Akmenė d. mun.;2018;23.2
Joniškis d. mun.;1996;
Joniškis d. mun.;1997;
Joniškis d. mun.;1998;
Joniškis d. mun.;1999;
Joniškis d. mun.;2000;
Joniškis d. mun.;2001;27.7
Joniškis d. mun.;2002;27.5
Joniškis d. mun.;2003;27.2
Joniškis d. mun.;2004;26.9
Joniškis d. mun.;2005;26.5
Joniškis d. mun.;2006;25.8
Joniškis d. mun.;2007;25.2
Joniškis d. mun.;2008;24.8
Joniškis d. mun.;2009;24.4
Joniškis d. mun.;2010;23.8
Joniškis d. mun.;2011;22.8
Joniškis d. mun.;2012;22.2
Joniškis d. mun.;2013;21.6
Joniškis d. mun.;2014;21.1
Joniškis d. mun.;2015;20.7
Joniškis d. mun.;2016;20.1
Joniškis d. mun.;2017;19.5
Joniškis d. mun.;2018;18.8
Kelmė d. mun.;1996;
Kelmė d. mun.;1997;
Kelmė d. mun.;1998;
Kelmė d. mun.;1999;
Kelmė d. mun.;2000;
Kelmė d. mun.;2001;24.0
Kelmė d. mun.;2002;23.7
Kelmė d. mun.;2003;23.6
Kelmė d. mun.;2004;23.2
Kelmė d. mun.;2005;22.6
Kelmė d. mun.;2006;21.9
Kelmė d. mun.;2007;21.4
Kelmė d. mun.;2008;20.9
Kelmė d. mun.;2009;20.4
Kelmė d. mun.;2010;19.8
Kelmė d. mun.;2011;19.1
Kelmė d. mun.;2012;18.6
Kelmė d. mun.;2013;18.2
Kelmė d. mun.;2014;17.8
Kelmė d. mun.;2015;17.3
Kelmė d. mun.;2016;16.8
Kelmė d. mun.;2017;16.3
Kelmė d. mun.;2018;15.7
Pakruojis d. mun.;1996;
Pakruojis d. mun.;1997;
Pakruojis d. mun.;1998;
Pakruojis d. mun.;1999;
Pakruojis d. mun.;2000;
Pakruojis d. mun.;2001;22.4
Pakruojis d. mun.;2002;22.2
Pakruojis d. mun.;2003;22.0
Pakruojis d. mun.;2004;21.7
Pakruojis d. mun.;2005;21.3
Pakruojis d. mun.;2006;20.7
Pakruojis d. mun.;2007;20.2
Pakruojis d. mun.;2008;19.7
Pakruojis d. mun.;2009;19.3
Pakruojis d. mun.;2010;18.8
Pakruojis d. mun.;2011;18.1
Pakruojis d. mun.;2012;17.6
Pakruojis d. mun.;2013;17.1
Pakruojis d. mun.;2014;16.7
Pakruojis d. mun.;2015;16.4
Pakruojis d. mun.;2016;15.9
Pakruojis d. mun.;2017;15.4
Pakruojis d. mun.;2018;14.9
Radviliškis d. mun.;1996;
Radviliškis d. mun.;1997;
Radviliškis d. mun.;1998;
Radviliškis d. mun.;1999;
Radviliškis d. mun.;2000;
Radviliškis d. mun.;2001;31.9
Radviliškis d. mun.;2002;31.6
Radviliškis d. mun.;2003;31.3
Radviliškis d. mun.;2004;31.0
Radviliškis d. mun.;2005;30.4
Radviliškis d. mun.;2006;29.6
Radviliškis d. mun.;2007;29.1
Radviliškis d. mun.;2008;28.6
Radviliškis d. mun.;2009;27.9
Radviliškis d. mun.;2010;27.2
Radviliškis d. mun.;2011;26.1
Radviliškis d. mun.;2012;25.4
Radviliškis d. mun.;2013;24.8
Radviliškis d. mun.;2014;24.3
Radviliškis d. mun.;2015;23.9
Radviliškis d. mun.;2016;23.4
Radviliškis d. mun.;2017;22.7
Radviliškis d. mun.;2018;22.1
Šiauliai c. mun.;1996;
Šiauliai c. mun.;1997;
Šiauliai c. mun.;1998;
Šiauliai c. mun.;1999;
Šiauliai c. mun.;2000;
Šiauliai c. mun.;2001;1654.7
Šiauliai c. mun.;2002;1629.3
Šiauliai c. mun.;2003;1609.5
Šiauliai c. mun.;2004;1577.8
Šiauliai c. mun.;2005;1547.7
Šiauliai c. mun.;2006;1509.1
Šiauliai c. mun.;2007;1484.8
Šiauliai c. mun.;2008;1454.7
Šiauliai c. mun.;2009;1434.5
Šiauliai c. mun.;2010;1413.7
Šiauliai c. mun.;2011;1354.9
Šiauliai c. mun.;2012;1329.5
Šiauliai c. mun.;2013;1314.4
Šiauliai c. mun.;2014;1303.8
Šiauliai c. mun.;2015;1291.0
Šiauliai c. mun.;2016;1271.4
Šiauliai c. mun.;2017;1249.6
Šiauliai c. mun.;2018;1241.7
Šiauliai d. mun.;1996;
Šiauliai d. mun.;1997;
Šiauliai d. mun.;1998;
Šiauliai d. mun.;1999;
Šiauliai d. mun.;2000;
Šiauliai d. mun.;2001;28.6
Šiauliai d. mun.;2002;28.5
Šiauliai d. mun.;2003;28.4
Šiauliai d. mun.;2004;28.2
Šiauliai d. mun.;2005;28.0
Šiauliai d. mun.;2006;27.3
Šiauliai d. mun.;2007;26.9
Šiauliai d. mun.;2008;26.6
Šiauliai d. mun.;2009;26.5
Šiauliai d. mun.;2010;25.9
Šiauliai d. mun.;2011;24.7
Šiauliai d. mun.;2012;24.0
Šiauliai d. mun.;2013;23.7
Šiauliai d. mun.;2014;23.4
Šiauliai d. mun.;2015;23.1
Šiauliai d. mun.;2016;23.0
Šiauliai d. mun.;2017;22.9
Šiauliai d. mun.;2018;22.8
Tauragė county;1996;35.9
Tauragė county;1997;35.7
Tauragė county;1998;35.4
Tauragė county;1999;35.1
Tauragė county;2000;34.8
Tauragė county;2001;30.4
Tauragė county;2002;30.1
Tauragė county;2003;29.9
Tauragė county;2004;29.5
Tauragė county;2005;28.9
Tauragė county;2006;28.1
Tauragė county;2007;27.6
Tauragė county;2008;27.0
Tauragė county;2009;26.5
Tauragė county;2010;26.0
Tauragė county;2011;25.1
Tauragė county;2012;24.5
Tauragė county;2013;24.1
Tauragė county;2014;23.7
Tauragė county;2015;23.4
Tauragė county;2016;23.0
Tauragė county;2017;22.4
Tauragė county;2018;21.7
Jurbarkas d. mun.;1996;
Jurbarkas d. mun.;1997;
Jurbarkas d. mun.;1998;
Jurbarkas d. mun.;1999;
Jurbarkas d. mun.;2000;
Jurbarkas d. mun.;2001;25.1
Jurbarkas d. mun.;2002;24.7
Jurbarkas d. mun.;2003;24.5
Jurbarkas d. mun.;2004;24.1
Jurbarkas d. mun.;2005;23.6
Jurbarkas d. mun.;2006;22.8
Jurbarkas d. mun.;2007;22.4
Jurbarkas d. mun.;2008;21.9
Jurbarkas d. mun.;2009;21.4
Jurbarkas d. mun.;2010;20.9
Jurbarkas d. mun.;2011;20.1
Jurbarkas d. mun.;2012;19.7
Jurbarkas d. mun.;2013;19.4
Jurbarkas d. mun.;2014;19.0
Jurbarkas d. mun.;2015;18.7
Jurbarkas d. mun.;2016;18.3
Jurbarkas d. mun.;2017;17.8
Jurbarkas d. mun.;2018;17.3
Pagėgiai mun.;1996;
Pagėgiai mun.;1997;
Pagėgiai mun.;1998;
Pagėgiai mun.;1999;
Pagėgiai mun.;2000;
Pagėgiai mun.;2001;22.7
Pagėgiai mun.;2002;22.5
Pagėgiai mun.;2003;22.3
Pagėgiai mun.;2004;21.9
Pagėgiai mun.;2005;21.4
Pagėgiai mun.;2006;20.7
Pagėgiai mun.;2007;20.1
Pagėgiai mun.;2008;19.5
Pagėgiai mun.;2009;19.0
Pagėgiai mun.;2010;18.5
Pagėgiai mun.;2011;17.8
Pagėgiai mun.;2012;17.3
Pagėgiai mun.;2013;17.0
Pagėgiai mun.;2014;16.6
Pagėgiai mun.;2015;16.3
Pagėgiai mun.;2016;15.7
Pagėgiai mun.;2017;15.1
Pagėgiai mun.;2018;14.6
Šilalė d. mun.;1996;
Šilalė d. mun.;1997;
Šilalė d. mun.;1998;
Šilalė d. mun.;1999;
Šilalė d. mun.;2000;
Šilalė d. mun.;2001;26.5
Šilalė d. mun.;2002;26.4
Šilalė d. mun.;2003;26.2
Šilalė d. mun.;2004;25.9
Šilalė d. mun.;2005;25.5
Šilalė d. mun.;2006;24.9
Šilalė d. mun.;2007;24.4
Šilalė d. mun.;2008;23.9
Šilalė d. mun.;2009;23.5
Šilalė d. mun.;2010;23.1
Šilalė d. mun.;2011;22.4
Šilalė d. mun.;2012;21.9
Šilalė d. mun.;2013;21.5
Šilalė d. mun.;2014;21.2
Šilalė d. mun.;2015;20.9
Šilalė d. mun.;2016;20.6
Šilalė d. mun.;2017;20.0
Šilalė d. mun.;2018;19.4
Tauragė d. mun.;1996;
Tauragė d. mun.;1997;
Tauragė d. mun.;1998;
Tauragė d. mun.;1999;
Tauragė d. mun.;2000;
Tauragė d. mun.;2001;44.7
Tauragė d. mun.;2002;44.3
Tauragė d. mun.;2003;44.0
Tauragė d. mun.;2004;43.6
Tauragė d. mun.;2005;42.7
Tauragė d. mun.;2006;41.5
Tauragė d. mun.;2007;40.8
Tauragė d. mun.;2008;40.1
Tauragė d. mun.;2009;39.6
Tauragė d. mun.;2010;38.9
Tauragė d. mun.;2011;37.4
Tauragė d. mun.;2012;36.6
Tauragė d. mun.;2013;36.0
Tauragė d. mun.;2014;35.5
Tauragė d. mun.;2015;35.1
Tauragė d. mun.;2016;34.6
Tauragė d. mun.;2017;33.9
Tauragė d. mun.;2018;33.0
Telšiai county;1996;44.5
Telšiai county;1997;44.2
Telšiai county;1998;44.0
Telšiai county;1999;43.8
Telšiai county;2000;43.6
Telšiai county;2001;41.4
Telšiai county;2002;41.0
Telšiai county;2003;40.7
Telšiai county;2004;40.3
Telšiai county;2005;39.6
Telšiai county;2006;38.6
Telšiai county;2007;37.9
Telšiai county;2008;37.3
Telšiai county;2009;36.9
Telšiai county;2010;36.3
Telšiai county;2011;35.1
Telšiai county;2012;34.4
Telšiai county;2013;34.0
Telšiai county;2014;33.4
Telšiai county;2015;33.0
Telšiai county;2016;32.5
Telšiai county;2017;31.7
Telšiai county;2018;30.8
Mažeikiai d. mun.;1996;
Mažeikiai d. mun.;1997;
Mažeikiai d. mun.;1998;
Mažeikiai d. mun.;1999;
Mažeikiai d. mun.;2000;
Mažeikiai d. mun.;2001;55.2
Mažeikiai d. mun.;2002;54.8
Mažeikiai d. mun.;2003;54.5
Mažeikiai d. mun.;2004;54.0
Mažeikiai d. mun.;2005;53.2
Mažeikiai d. mun.;2006;52.1
Mažeikiai d. mun.;2007;51.4
Mažeikiai d. mun.;2008;50.8
Mažeikiai d. mun.;2009;50.4
Mažeikiai d. mun.;2010;49.6
Mažeikiai d. mun.;2011;47.9
Mažeikiai d. mun.;2012;47.1
Mažeikiai d. mun.;2013;46.5
Mažeikiai d. mun.;2014;46.0
Mažeikiai d. mun.;2015;45.5
Mažeikiai d. mun.;2016;44.9
Mažeikiai d. mun.;2017;43.8
Mažeikiai d. mun.;2018;42.8
Plungė d. mun.;1996;
Plungė d. mun.;1997;
Plungė d. mun.;1998;
Plungė d. mun.;1999;
Plungė d. mun.;2000;
Plungė d. mun.;2001;40.0
Plungė d. mun.;2002;39.6
Plungė d. mun.;2003;39.5
Plungė d. mun.;2004;39.2
Plungė d. mun.;2005;38.8
Plungė d. mun.;2006;37.6
Plungė d. mun.;2007;37.1
Plungė d. mun.;2008;36.6
Plungė d. mun.;2009;36.3
Plungė d. mun.;2010;35.8
Plungė d. mun.;2011;34.6
Plungė d. mun.;2012;34.0
Plungė d. mun.;2013;33.6
Plungė d. mun.;2014;33.0
Plungė d. mun.;2015;32.6
Plungė d. mun.;2016;32.1
Plungė d. mun.;2017;31.4
Plungė d. mun.;2018;30.5
Rietavas mun.;1996;
Rietavas mun.;1997;
Rietavas mun.;1998;
Rietavas mun.;1999;
Rietavas mun.;2000;
Rietavas mun.;2001;18.2
Rietavas mun.;2002;18.1
Rietavas mun.;2003;17.8
Rietavas mun.;2004;17.6
Rietavas mun.;2005;17.3
Rietavas mun.;2006;16.8
Rietavas mun.;2007;16.5
Rietavas mun.;2008;16.1
Rietavas mun.;2009;15.7
Rietavas mun.;2010;15.3
Rietavas mun.;2011;14.9
Rietavas mun.;2012;14.6
Rietavas mun.;2013;14.3
Rietavas mun.;2014;14.1
Rietavas mun.;2015;13.8
Rietavas mun.;2016;13.6
Rietavas mun.;2017;13.2
Rietavas mun.;2018;12.9
Telšiai d. mun.;1996;
Telšiai d. mun.;1997;
Telšiai d. mun.;1998;
Telšiai d. mun.;1999;
Telšiai d. mun.;2000;
Telšiai d. mun.;2001;40.1
Telšiai d. mun.;2002;39.7
Telšiai d. mun.;2003;39.3
Telšiai d. mun.;2004;38.6
Telšiai d. mun.;2005;37.9
Telšiai d. mun.;2006;36.7
Telšiai d. mun.;2007;35.9
Telšiai d. mun.;2008;35.2
Telšiai d. mun.;2009;34.6
Telšiai d. mun.;2010;33.8
Telšiai d. mun.;2011;32.8
Telšiai d. mun.;2012;32.2
Telšiai d. mun.;2013;31.6
Telšiai d. mun.;2014;31.0
Telšiai d. mun.;2015;30.5
Telšiai d. mun.;2016;29.9
Telšiai d. mun.;2017;29.1
Telšiai d. mun.;2018;28.3
Utena county;1996;27.4
Utena county;1997;27.1
Utena county;1998;26.8
Utena county;1999;26.5
Utena county;2000;26.2
Utena county;2001;25.9
Utena county;2002;25.5
Utena county;2003;25.2
Utena county;2004;24.8
Utena county;2005;24.3
Utena county;2006;23.7
Utena county;2007;23.3
Utena county;2008;22.8
Utena county;2009;22.4
Utena county;2010;21.9
Utena county;2011;21.2
Utena county;2012;20.7
Utena county;2013;20.2
Utena county;2014;19.8
Utena county;2015;19.5
Utena county;2016;19.1
Utena county;2017;18.6
Utena county;2018;18.0
Anykščiai d. mun.;1996;
Anykščiai d. mun.;1997;
Anykščiai d. mun.;1998;
Anykščiai d. mun.;1999;
Anykščiai d. mun.;2000;
Anykščiai d. mun.;2001;19.9
Anykščiai d. mun.;2002;19.7
Anykščiai d. mun.;2003;19.4
Anykščiai d. mun.;2004;19.1
Anykščiai d. mun.;2005;18.8
Anykščiai d. mun.;2006;18.3
Anykščiai d. mun.;2007;17.9
Anykščiai d. mun.;2008;17.5
Anykščiai d. mun.;2009;17.2
Anykščiai d. mun.;2010;16.8
Anykščiai d. mun.;2011;16.3
Anykščiai d. mun.;2012;15.9
Anykščiai d. mun.;2013;15.6
Anykščiai d. mun.;2014;15.2
Anykščiai d. mun.;2015;15.0
Anykščiai d. mun.;2016;14.6
Anykščiai d. mun.;2017;14.2
Anykščiai d. mun.;2018;13.7
Ignalina d. mun.;1996;
Ignalina d. mun.;1997;
Ignalina d. mun.;1998;
Ignalina d. mun.;1999;
Ignalina d. mun.;2000;
Ignalina d. mun.;2001;15.4
Ignalina d. mun.;2002;15.3
Ignalina d. mun.;2003;15.1
Ignalina d. mun.;2004;14.7
Ignalina d. mun.;2005;14.8
Ignalina d. mun.;2006;14.4
Ignalina d. mun.;2007;14.1
Ignalina d. mun.;2008;13.7
Ignalina d. mun.;2009;13.4
Ignalina d. mun.;2010;13.1
Ignalina d. mun.;2011;12.8
Ignalina d. mun.;2012;12.5
Ignalina d. mun.;2013;12.1
Ignalina d. mun.;2014;11.8
Ignalina d. mun.;2015;11.7
Ignalina d. mun.;2016;11.3
Ignalina d. mun.;2017;11.0
Ignalina d. mun.;2018;10.7
Molėtai d. mun.;1996;
Molėtai d. mun.;1997;
Molėtai d. mun.;1998;
Molėtai d. mun.;1999;
Molėtai d. mun.;2000;
Molėtai d. mun.;2001;18.6
Molėtai d. mun.;2002;18.4
Molėtai d. mun.;2003;18.1
Molėtai d. mun.;2004;17.7
Molėtai d. mun.;2005;17.4
Molėtai d. mun.;2006;16.9
Molėtai d. mun.;2007;16.6
Molėtai d. mun.;2008;16.3
Molėtai d. mun.;2009;15.9
Molėtai d. mun.;2010;15.5
Molėtai d. mun.;2011;15.2
Molėtai d. mun.;2012;14.9
Molėtai d. mun.;2013;14.7
Molėtai d. mun.;2014;14.3
Molėtai d. mun.;2015;14.1
Molėtai d. mun.;2016;13.8
Molėtai d. mun.;2017;13.5
Molėtai d. mun.;2018;13.1
Utena d. mun.;1996;
Utena d. mun.;1997;
Utena d. mun.;1998;
Utena d. mun.;1999;
Utena d. mun.;2000;
Utena d. mun.;2001;40.8
Utena d. mun.;2002;40.5
Utena d. mun.;2003;40.2
Utena d. mun.;2004;39.7
Utena d. mun.;2005;39.2
Utena d. mun.;2006;38.5
Utena d. mun.;2007;38.0
Utena d. mun.;2008;37.4
Utena d. mun.;2009;37.0
Utena d. mun.;2010;36.3
Utena d. mun.;2011;35.3
Utena d. mun.;2012;34.6
Utena d. mun.;2013;33.9
Utena d. mun.;2014;33.3
Utena d. mun.;2015;32.9
Utena d. mun.;2016;32.4
Utena d. mun.;2017;31.6
Utena d. mun.;2018;30.8
Visaginas mun.;1996;
Visaginas mun.;1997;
Visaginas mun.;1998;
Visaginas mun.;1999;
Visaginas mun.;2000;
Visaginas mun.;2001;3299.7
Visaginas mun.;2002;3190.9
Visaginas mun.;2003;3118.4
Visaginas mun.;2004;3101.7
Visaginas mun.;2005;470.7
Visaginas mun.;2006;455.5
Visaginas mun.;2007;446.5
Visaginas mun.;2008;435.0
Visaginas mun.;2009;424.9
Visaginas mun.;2010;413.7
Visaginas mun.;2011;391.5
Visaginas mun.;2012;377.9
Visaginas mun.;2013;366.2
Visaginas mun.;2014;355.6
Visaginas mun.;2015;349.1
Visaginas mun.;2016;340.9
Visaginas mun.;2017;330.7
Visaginas mun.;2018;322.2
Zarasai d. mun.;1996;
Zarasai d. mun.;1997;
Zarasai d. mun.;1998;
Zarasai d. mun.;1999;
Zarasai d. mun.;2000;
Zarasai d. mun.;2001;17.1
Zarasai d. mun.;2002;17.0
Zarasai d. mun.;2003;16.8
Zarasai d. mun.;2004;16.4
Zarasai d. mun.;2005;16.0
Zarasai d. mun.;2006;15.6
Zarasai d. mun.;2007;15.3
Zarasai d. mun.;2008;14.9
Zarasai d. mun.;2009;14.5
Zarasai d. mun.;2010;14.3
Zarasai d. mun.;2011;13.8
Zarasai d. mun.;2012;13.5
Zarasai d. mun.;2013;13.3
Zarasai d. mun.;2014;13.0
Zarasai d. mun.;2015;12.8
Zarasai d. mun.;2016;12.5
Zarasai d. mun.;2017;12.1
Zarasai d. mun.;2018;11.8
