Republic of Lithuania;1994;42376;;
Republic of Lithuania;1995;41195;;
Republic of Lithuania;1996;39066;;
Republic of Lithuania;1997;37812;;
Republic of Lithuania;1998;37019;;
Republic of Lithuania;1999;36415;;
Republic of Lithuania;2000;34149;17681;16468
Republic of Lithuania;2001;31185;15953;15232
Republic of Lithuania;2002;29541;15233;14308
Republic of Lithuania;2003;29977;15500;14477
Republic of Lithuania;2004;29769;15166;14603
Republic of Lithuania;2005;29510;15068;14442
Republic of Lithuania;2006;29606;15021;14585
Republic of Lithuania;2007;30020;15348;14672
Republic of Lithuania;2008;31536;16241;15295
Republic of Lithuania;2009;32165;16519;15646
Republic of Lithuania;2010;30676;15731;14945
Republic of Lithuania;2011;30268;15656;14612
Republic of Lithuania;2012;30459;15560;14899
Republic of Lithuania;2013;29885;15221;14664
Republic of Lithuania;2014;30369;15565;14804
Republic of Lithuania;2015;31475;16201;15274
Republic of Lithuania;2016;30623;15847;14776
Republic of Lithuania;2017;28696;14775;13921
Vilnius county;1994;9135;;
Vilnius county;1995;8940;;
Vilnius county;1996;8275;;
Vilnius county;1997;8187;;
Vilnius county;1998;8147;;
Vilnius county;1999;8169;;
Vilnius county;2000;7807;4036;3771
Vilnius county;2001;7192;3674;3518
Vilnius county;2002;6995;3610;3385
Vilnius county;2003;7104;3695;3409
Vilnius county;2004;7437;3817;3620
Vilnius county;2005;7711;3918;3793
Vilnius county;2006;8040;4081;3959
Vilnius county;2007;8424;4334;4090
Vilnius county;2008;9022;4624;4398
Vilnius county;2009;9527;4867;4660
Vilnius county;2010;9420;4764;4656
Vilnius county;2011;9155;4727;4428
Vilnius county;2012;9146;4677;4469
Vilnius county;2013;8961;4556;4405
Vilnius county;2014;9392;4861;4531
Vilnius county;2015;9780;5086;4694
Vilnius county;2016;9903;5138;4765
Vilnius county;2017;9374;4860;4514
Elektrėnai mun.;1994;304;;
Elektrėnai mun.;1995;318;;
Elektrėnai mun.;1996;297;;
Elektrėnai mun.;1997;343;;
Elektrėnai mun.;1998;311;;
Elektrėnai mun.;1999;295;;
Elektrėnai mun.;2000;261;128;133
Elektrėnai mun.;2001;230;111;119
Elektrėnai mun.;2002;213;106;107
Elektrėnai mun.;2003;229;106;123
Elektrėnai mun.;2004;230;110;120
Elektrėnai mun.;2005;256;134;122
Elektrėnai mun.;2006;231;118;113
Elektrėnai mun.;2007;245;140;105
Elektrėnai mun.;2008;249;126;123
Elektrėnai mun.;2009;246;131;115
Elektrėnai mun.;2010;226;114;112
Elektrėnai mun.;2011;240;130;110
Elektrėnai mun.;2012;263;142;121
Elektrėnai mun.;2013;246;128;118
Elektrėnai mun.;2014;251;117;134
Elektrėnai mun.;2015;278;136;142
Elektrėnai mun.;2016;249;127;122
Elektrėnai mun.;2017;240;121;119
Šalčininkai d. mun.;1994;488;;
Šalčininkai d. mun.;1995;453;;
Šalčininkai d. mun.;1996;462;;
Šalčininkai d. mun.;1997;444;;
Šalčininkai d. mun.;1998;439;;
Šalčininkai d. mun.;1999;416;;
Šalčininkai d. mun.;2000;436;224;212
Šalčininkai d. mun.;2001;393;183;210
Šalčininkai d. mun.;2002;365;173;192
Šalčininkai d. mun.;2003;400;194;206
Šalčininkai d. mun.;2004;383;171;212
Šalčininkai d. mun.;2005;413;204;209
Šalčininkai d. mun.;2006;375;194;181
Šalčininkai d. mun.;2007;416;204;212
Šalčininkai d. mun.;2008;439;228;211
Šalčininkai d. mun.;2009;408;216;192
Šalčininkai d. mun.;2010;368;211;157
Šalčininkai d. mun.;2011;386;192;194
Šalčininkai d. mun.;2012;394;196;198
Šalčininkai d. mun.;2013;351;197;154
Šalčininkai d. mun.;2014;356;187;169
Šalčininkai d. mun.;2015;375;197;178
Šalčininkai d. mun.;2016;384;201;183
Šalčininkai d. mun.;2017;298;150;148
Širvintos d. mun.;1994;240;;
Širvintos d. mun.;1995;209;;
Širvintos d. mun.;1996;224;;
Širvintos d. mun.;1997;204;;
Širvintos d. mun.;1998;220;;
Širvintos d. mun.;1999;203;;
Širvintos d. mun.;2000;229;131;98
Širvintos d. mun.;2001;177;99;78
Širvintos d. mun.;2002;159;97;62
Širvintos d. mun.;2003;150;80;70
Širvintos d. mun.;2004;164;85;79
Širvintos d. mun.;2005;149;75;74
Širvintos d. mun.;2006;168;79;89
Širvintos d. mun.;2007;166;81;85
Širvintos d. mun.;2008;161;83;78
Širvintos d. mun.;2009;165;79;86
Širvintos d. mun.;2010;151;76;75
Širvintos d. mun.;2011;137;71;66
Širvintos d. mun.;2012;170;83;87
Širvintos d. mun.;2013;147;72;75
Širvintos d. mun.;2014;162;78;84
Širvintos d. mun.;2015;149;64;85
Širvintos d. mun.;2016;142;75;67
Širvintos d. mun.;2017;148;75;73
Švenčionys d. mun.;1994;351;;
Švenčionys d. mun.;1995;346;;
Švenčionys d. mun.;1996;325;;
Švenčionys d. mun.;1997;329;;
Švenčionys d. mun.;1998;292;;
Švenčionys d. mun.;1999;330;;
Švenčionys d. mun.;2000;271;133;138
Švenčionys d. mun.;2001;276;150;126
Švenčionys d. mun.;2002;261;128;133
Švenčionys d. mun.;2003;246;138;108
Švenčionys d. mun.;2004;258;136;122
Švenčionys d. mun.;2005;233;125;108
Švenčionys d. mun.;2006;258;129;129
Švenčionys d. mun.;2007;254;144;110
Švenčionys d. mun.;2008;240;134;106
Švenčionys d. mun.;2009;260;124;136
Švenčionys d. mun.;2010;220;103;117
Švenčionys d. mun.;2011;237;128;109
Švenčionys d. mun.;2012;227;133;94
Švenčionys d. mun.;2013;209;108;101
Švenčionys d. mun.;2014;215;120;95
Švenčionys d. mun.;2015;225;111;114
Švenčionys d. mun.;2016;211;106;105
Švenčionys d. mun.;2017;194;106;88
Trakai d. mun.;1994;404;;
Trakai d. mun.;1995;405;;
Trakai d. mun.;1996;419;;
Trakai d. mun.;1997;378;;
Trakai d. mun.;1998;401;;
Trakai d. mun.;1999;378;;
Trakai d. mun.;2000;399;204;195
Trakai d. mun.;2001;342;163;179
Trakai d. mun.;2002;327;174;153
Trakai d. mun.;2003;316;157;159
Trakai d. mun.;2004;322;172;150
Trakai d. mun.;2005;327;161;166
Trakai d. mun.;2006;315;175;140
Trakai d. mun.;2007;339;187;152
Trakai d. mun.;2008;333;190;143
Trakai d. mun.;2009;372;199;173
Trakai d. mun.;2010;363;174;189
Trakai d. mun.;2011;349;185;164
Trakai d. mun.;2012;347;189;158
Trakai d. mun.;2013;381;214;167
Trakai d. mun.;2014;365;192;173
Trakai d. mun.;2015;335;183;152
Trakai d. mun.;2016;344;189;155
Trakai d. mun.;2017;348;187;161
Ukmergė d. mun.;1994;567;;
Ukmergė d. mun.;1995;541;;
Ukmergė d. mun.;1996;454;;
Ukmergė d. mun.;1997;487;;
Ukmergė d. mun.;1998;479;;
Ukmergė d. mun.;1999;469;;
Ukmergė d. mun.;2000;449;230;219
Ukmergė d. mun.;2001;420;205;215
Ukmergė d. mun.;2002;356;187;169
Ukmergė d. mun.;2003;355;198;157
Ukmergė d. mun.;2004;348;182;166
Ukmergė d. mun.;2005;366;196;170
Ukmergė d. mun.;2006;336;167;169
Ukmergė d. mun.;2007;354;181;173
Ukmergė d. mun.;2008;373;172;201
Ukmergė d. mun.;2009;381;185;196
Ukmergė d. mun.;2010;327;151;176
Ukmergė d. mun.;2011;310;158;152
Ukmergė d. mun.;2012;311;144;167
Ukmergė d. mun.;2013;319;155;164
Ukmergė d. mun.;2014;326;174;152
Ukmergė d. mun.;2015;341;176;165
Ukmergė d. mun.;2016;319;176;143
Ukmergė d. mun.;2017;310;160;150
Vilnius c. mun.;1994;5878;;
Vilnius c. mun.;1995;5757;;
Vilnius c. mun.;1996;5061;;
Vilnius c. mun.;1997;4979;;
Vilnius c. mun.;1998;5011;;
Vilnius c. mun.;1999;5092;;
Vilnius c. mun.;2000;4789;2463;2326
Vilnius c. mun.;2001;4449;2295;2154
Vilnius c. mun.;2002;4506;2328;2178
Vilnius c. mun.;2003;4636;2419;2217
Vilnius c. mun.;2004;4817;2491;2326
Vilnius c. mun.;2005;5011;2542;2469
Vilnius c. mun.;2006;5407;2748;2659
Vilnius c. mun.;2007;5634;2873;2761
Vilnius c. mun.;2008;6177;3155;3022
Vilnius c. mun.;2009;6527;3325;3202
Vilnius c. mun.;2010;6681;3401;3280
Vilnius c. mun.;2011;6466;3334;3132
Vilnius c. mun.;2012;6366;3236;3130
Vilnius c. mun.;2013;6287;3169;3118
Vilnius c. mun.;2014;6737;3466;3271
Vilnius c. mun.;2015;6991;3638;3353
Vilnius c. mun.;2016;7179;3716;3463
Vilnius c. mun.;2017;6817;3537;3280
Vilnius d. mun.;1994;903;;
Vilnius d. mun.;1995;911;;
Vilnius d. mun.;1996;1033;;
Vilnius d. mun.;1997;1023;;
Vilnius d. mun.;1998;994;;
Vilnius d. mun.;1999;986;;
Vilnius d. mun.;2000;973;523;450
Vilnius d. mun.;2001;905;468;437
Vilnius d. mun.;2002;808;417;391
Vilnius d. mun.;2003;772;403;369
Vilnius d. mun.;2004;915;470;445
Vilnius d. mun.;2005;956;481;475
Vilnius d. mun.;2006;950;471;479
Vilnius d. mun.;2007;1016;524;492
Vilnius d. mun.;2008;1050;536;514
Vilnius d. mun.;2009;1168;608;560
Vilnius d. mun.;2010;1084;534;550
Vilnius d. mun.;2011;1030;529;501
Vilnius d. mun.;2012;1068;554;514
Vilnius d. mun.;2013;1021;513;508
Vilnius d. mun.;2014;980;527;453
Vilnius d. mun.;2015;1086;581;505
Vilnius d. mun.;2016;1075;548;527
Vilnius d. mun.;2017;1019;524;495
Alytus county;1994;2443;;
Alytus county;1995;2362;;
Alytus county;1996;2133;;
Alytus county;1997;2093;;
Alytus county;1998;2061;;
Alytus county;1999;2018;;
Alytus county;2000;1908;962;946
Alytus county;2001;1733;865;868
Alytus county;2002;1550;784;766
Alytus county;2003;1614;806;808
Alytus county;2004;1488;746;742
Alytus county;2005;1483;731;752
Alytus county;2006;1464;755;709
Alytus county;2007;1350;692;658
Alytus county;2008;1370;701;669
Alytus county;2009;1428;736;692
Alytus county;2010;1326;701;625
Alytus county;2011;1301;689;612
Alytus county;2012;1377;685;692
Alytus county;2013;1333;684;649
Alytus county;2014;1297;643;654
Alytus county;2015;1348;644;704
Alytus county;2016;1249;651;598
Alytus county;2017;1234;639;595
Alytus t. mun.;1994;1045;;
Alytus t. mun.;1995;954;;
Alytus t. mun.;1996;933;;
Alytus t. mun.;1997;884;;
Alytus t. mun.;1998;840;;
Alytus t. mun.;1999;861;;
Alytus t. mun.;2000;765;404;361
Alytus t. mun.;2001;656;339;317
Alytus t. mun.;2002;636;339;297
Alytus t. mun.;2003;657;344;313
Alytus t. mun.;2004;605;307;298
Alytus t. mun.;2005;525;274;251
Alytus t. mun.;2006;593;294;299
Alytus t. mun.;2007;540;274;266
Alytus t. mun.;2008;536;275;261
Alytus t. mun.;2009;560;283;277
Alytus t. mun.;2010;475;248;227
Alytus t. mun.;2011;499;252;247
Alytus t. mun.;2012;509;247;262
Alytus t. mun.;2013;463;246;217
Alytus t. mun.;2014;502;244;258
Alytus t. mun.;2015;508;256;252
Alytus t. mun.;2016;485;262;223
Alytus t. mun.;2017;491;254;237
Alytus d. mun.;1994;353;;
Alytus d. mun.;1995;388;;
Alytus d. mun.;1996;315;;
Alytus d. mun.;1997;354;;
Alytus d. mun.;1998;352;;
Alytus d. mun.;1999;337;;
Alytus d. mun.;2000;331;157;174
Alytus d. mun.;2001;332;167;165
Alytus d. mun.;2002;268;134;134
Alytus d. mun.;2003;296;152;144
Alytus d. mun.;2004;254;139;115
Alytus d. mun.;2005;275;132;143
Alytus d. mun.;2006;246;128;118
Alytus d. mun.;2007;245;117;128
Alytus d. mun.;2008;226;130;96
Alytus d. mun.;2009;243;119;124
Alytus d. mun.;2010;245;132;113
Alytus d. mun.;2011;239;137;102
Alytus d. mun.;2012;234;117;117
Alytus d. mun.;2013;259;133;126
Alytus d. mun.;2014;240;113;127
Alytus d. mun.;2015;240;111;129
Alytus d. mun.;2016;209;100;109
Alytus d. mun.;2017;235;115;120
Druskininkai mun.;1994;353;;
Druskininkai mun.;1995;316;;
Druskininkai mun.;1996;265;;
Druskininkai mun.;1997;247;;
Druskininkai mun.;1998;239;;
Druskininkai mun.;1999;242;;
Druskininkai mun.;2000;189;88;101
Druskininkai mun.;2001;189;93;96
Druskininkai mun.;2002;154;75;79
Druskininkai mun.;2003;167;89;78
Druskininkai mun.;2004;165;88;77
Druskininkai mun.;2005;194;96;98
Druskininkai mun.;2006;171;86;85
Druskininkai mun.;2007;158;85;73
Druskininkai mun.;2008;194;96;98
Druskininkai mun.;2009;188;100;88
Druskininkai mun.;2010;188;98;90
Druskininkai mun.;2011;175;90;85
Druskininkai mun.;2012;189;83;106
Druskininkai mun.;2013;189;92;97
Druskininkai mun.;2014;184;97;87
Druskininkai mun.;2015;211;97;114
Druskininkai mun.;2016;201;114;87
Druskininkai mun.;2017;170;85;85
Lazdijai d. mun.;1994;341;;
Lazdijai d. mun.;1995;334;;
Lazdijai d. mun.;1996;298;;
Lazdijai d. mun.;1997;285;;
Lazdijai d. mun.;1998;290;;
Lazdijai d. mun.;1999;272;;
Lazdijai d. mun.;2000;294;143;151
Lazdijai d. mun.;2001;275;135;140
Lazdijai d. mun.;2002;239;114;125
Lazdijai d. mun.;2003;219;111;108
Lazdijai d. mun.;2004;216;109;107
Lazdijai d. mun.;2005;247;107;140
Lazdijai d. mun.;2006;227;119;108
Lazdijai d. mun.;2007;208;109;99
Lazdijai d. mun.;2008;192;101;91
Lazdijai d. mun.;2009;220;118;102
Lazdijai d. mun.;2010;207;107;100
Lazdijai d. mun.;2011;193;105;88
Lazdijai d. mun.;2012;216;111;105
Lazdijai d. mun.;2013;217;103;114
Lazdijai d. mun.;2014;181;85;96
Lazdijai d. mun.;2015;187;87;100
Lazdijai d. mun.;2016;160;83;77
Lazdijai d. mun.;2017;157;93;64
Varėna d. mun.;1994;351;;
Varėna d. mun.;1995;370;;
Varėna d. mun.;1996;322;;
Varėna d. mun.;1997;323;;
Varėna d. mun.;1998;340;;
Varėna d. mun.;1999;306;;
Varėna d. mun.;2000;329;170;159
Varėna d. mun.;2001;281;131;150
Varėna d. mun.;2002;253;122;131
Varėna d. mun.;2003;275;110;165
Varėna d. mun.;2004;248;103;145
Varėna d. mun.;2005;242;122;120
Varėna d. mun.;2006;227;128;99
Varėna d. mun.;2007;199;107;92
Varėna d. mun.;2008;222;99;123
Varėna d. mun.;2009;217;116;101
Varėna d. mun.;2010;211;116;95
Varėna d. mun.;2011;195;105;90
Varėna d. mun.;2012;229;127;102
Varėna d. mun.;2013;205;110;95
Varėna d. mun.;2014;190;104;86
Varėna d. mun.;2015;202;93;109
Varėna d. mun.;2016;194;92;102
Varėna d. mun.;2017;181;92;89
Kaunas county;1994;8446;;
Kaunas county;1995;8459;;
Kaunas county;1996;8141;;
Kaunas county;1997;7747;;
Kaunas county;1998;7489;;
Kaunas county;1999;7288;;
Kaunas county;2000;6753;3492;3261
Kaunas county;2001;6204;3252;2952
Kaunas county;2002;5879;3047;2832
Kaunas county;2003;5926;2988;2938
Kaunas county;2004;5879;3011;2868
Kaunas county;2005;5906;3002;2904
Kaunas county;2006;5704;2937;2767
Kaunas county;2007;5920;3043;2877
Kaunas county;2008;6312;3217;3095
Kaunas county;2009;6490;3304;3186
Kaunas county;2010;6187;3232;2955
Kaunas county;2011;6019;3076;2943
Kaunas county;2012;5978;3066;2912
Kaunas county;2013;5789;2968;2821
Kaunas county;2014;5956;3019;2937
Kaunas county;2015;6117;3175;2942
Kaunas county;2016;6025;3119;2906
Kaunas county;2017;5564;2851;2713
Birštonas mun.;1994;57;;
Birštonas mun.;1995;63;;
Birštonas mun.;1996;54;;
Birštonas mun.;1997;51;;
Birštonas mun.;1998;53;;
Birštonas mun.;1999;49;;
Birštonas mun.;2000;35;13;22
Birštonas mun.;2001;36;22;14
Birštonas mun.;2002;40;15;25
Birštonas mun.;2003;45;26;19
Birštonas mun.;2004;37;19;18
Birštonas mun.;2005;36;18;18
Birštonas mun.;2006;26;9;17
Birštonas mun.;2007;33;13;20
Birštonas mun.;2008;29;19;10
Birštonas mun.;2009;56;28;28
Birštonas mun.;2010;51;34;17
Birštonas mun.;2011;40;23;17
Birštonas mun.;2012;34;17;17
Birštonas mun.;2013;40;21;19
Birštonas mun.;2014;39;17;22
Birštonas mun.;2015;37;19;18
Birštonas mun.;2016;49;22;27
Birštonas mun.;2017;37;20;17
Jonava d. mun.;1994;597;;
Jonava d. mun.;1995;610;;
Jonava d. mun.;1996;670;;
Jonava d. mun.;1997;672;;
Jonava d. mun.;1998;622;;
Jonava d. mun.;1999;632;;
Jonava d. mun.;2000;596;322;274
Jonava d. mun.;2001;584;300;284
Jonava d. mun.;2002;493;249;244
Jonava d. mun.;2003;519;270;249
Jonava d. mun.;2004;507;261;246
Jonava d. mun.;2005;542;286;256
Jonava d. mun.;2006;475;238;237
Jonava d. mun.;2007;497;241;256
Jonava d. mun.;2008;540;263;277
Jonava d. mun.;2009;480;247;233
Jonava d. mun.;2010;447;241;206
Jonava d. mun.;2011;470;252;218
Jonava d. mun.;2012;474;261;213
Jonava d. mun.;2013;442;238;204
Jonava d. mun.;2014;452;230;222
Jonava d. mun.;2015;475;245;230
Jonava d. mun.;2016;447;223;224
Jonava d. mun.;2017;395;196;199
Kaišiadorys d. mun.;1994;408;;
Kaišiadorys d. mun.;1995;447;;
Kaišiadorys d. mun.;1996;380;;
Kaišiadorys d. mun.;1997;438;;
Kaišiadorys d. mun.;1998;392;;
Kaišiadorys d. mun.;1999;389;;
Kaišiadorys d. mun.;2000;393;209;184
Kaišiadorys d. mun.;2001;351;181;170
Kaišiadorys d. mun.;2002;333;188;145
Kaišiadorys d. mun.;2003;321;147;174
Kaišiadorys d. mun.;2004;296;155;141
Kaišiadorys d. mun.;2005;333;165;168
Kaišiadorys d. mun.;2006;285;150;135
Kaišiadorys d. mun.;2007;323;177;146
Kaišiadorys d. mun.;2008;330;161;169
Kaišiadorys d. mun.;2009;320;163;157
Kaišiadorys d. mun.;2010;315;170;145
Kaišiadorys d. mun.;2011;283;134;149
Kaišiadorys d. mun.;2012;275;137;138
Kaišiadorys d. mun.;2013;278;158;120
Kaišiadorys d. mun.;2014;287;157;130
Kaišiadorys d. mun.;2015;277;133;144
Kaišiadorys d. mun.;2016;284;152;132
Kaišiadorys d. mun.;2017;259;126;133
Kaunas c. mun.;1994;4674;;
Kaunas c. mun.;1995;4647;;
Kaunas c. mun.;1996;4278;;
Kaunas c. mun.;1997;3859;;
Kaunas c. mun.;1998;3866;;
Kaunas c. mun.;1999;3851;;
Kaunas c. mun.;2000;3363;1743;1620
Kaunas c. mun.;2001;3024;1571;1453
Kaunas c. mun.;2002;2980;1538;1442
Kaunas c. mun.;2003;2923;1481;1442
Kaunas c. mun.;2004;3035;1542;1493
Kaunas c. mun.;2005;3010;1506;1504
Kaunas c. mun.;2006;2979;1558;1421
Kaunas c. mun.;2007;3132;1605;1527
Kaunas c. mun.;2008;3398;1754;1644
Kaunas c. mun.;2009;3488;1789;1699
Kaunas c. mun.;2010;3371;1720;1651
Kaunas c. mun.;2011;3190;1625;1565
Kaunas c. mun.;2012;3193;1630;1563
Kaunas c. mun.;2013;3032;1528;1504
Kaunas c. mun.;2014;3163;1635;1528
Kaunas c. mun.;2015;3188;1672;1516
Kaunas c. mun.;2016;3196;1666;1530
Kaunas c. mun.;2017;2970;1545;1425
Kaunas d. mun.;1994;928;;
Kaunas d. mun.;1995;939;;
Kaunas d. mun.;1996;1101;;
Kaunas d. mun.;1997;1064;;
Kaunas d. mun.;1998;927;;
Kaunas d. mun.;1999;852;;
Kaunas d. mun.;2000;807;408;399
Kaunas d. mun.;2001;763;409;354
Kaunas d. mun.;2002;757;399;358
Kaunas d. mun.;2003;791;404;387
Kaunas d. mun.;2004;708;365;343
Kaunas d. mun.;2005;758;390;368
Kaunas d. mun.;2006;769;390;379
Kaunas d. mun.;2007;799;426;373
Kaunas d. mun.;2008;833;409;424
Kaunas d. mun.;2009;952;490;462
Kaunas d. mun.;2010;985;527;458
Kaunas d. mun.;2011;911;486;425
Kaunas d. mun.;2012;930;476;454
Kaunas d. mun.;2013;933;482;451
Kaunas d. mun.;2014;921;454;467
Kaunas d. mun.;2015;1055;534;521
Kaunas d. mun.;2016;1021;528;493
Kaunas d. mun.;2017;980;508;472
Kėdainiai d. mun.;1994;791;;
Kėdainiai d. mun.;1995;769;;
Kėdainiai d. mun.;1996;760;;
Kėdainiai d. mun.;1997;762;;
Kėdainiai d. mun.;1998;726;;
Kėdainiai d. mun.;1999;681;;
Kėdainiai d. mun.;2000;727;378;349
Kėdainiai d. mun.;2001;661;358;303
Kėdainiai d. mun.;2002;580;306;274
Kėdainiai d. mun.;2003;613;300;313
Kėdainiai d. mun.;2004;588;294;294
Kėdainiai d. mun.;2005;587;311;276
Kėdainiai d. mun.;2006;552;283;269
Kėdainiai d. mun.;2007;536;271;265
Kėdainiai d. mun.;2008;564;280;284
Kėdainiai d. mun.;2009;575;263;312
Kėdainiai d. mun.;2010;507;271;236
Kėdainiai d. mun.;2011;525;264;261
Kėdainiai d. mun.;2012;491;260;231
Kėdainiai d. mun.;2013;502;264;238
Kėdainiai d. mun.;2014;476;227;249
Kėdainiai d. mun.;2015;481;255;226
Kėdainiai d. mun.;2016;474;232;242
Kėdainiai d. mun.;2017;429;228;201
Prienai d. mun.;1994;432;;
Prienai d. mun.;1995;412;;
Prienai d. mun.;1996;388;;
Prienai d. mun.;1997;386;;
Prienai d. mun.;1998;378;;
Prienai d. mun.;1999;353;;
Prienai d. mun.;2000;362;177;185
Prienai d. mun.;2001;321;164;157
Prienai d. mun.;2002;314;151;163
Prienai d. mun.;2003;291;148;143
Prienai d. mun.;2004;280;150;130
Prienai d. mun.;2005;258;125;133
Prienai d. mun.;2006;239;124;115
Prienai d. mun.;2007;237;120;117
Prienai d. mun.;2008;256;134;122
Prienai d. mun.;2009;272;152;120
Prienai d. mun.;2010;219;117;102
Prienai d. mun.;2011;273;140;133
Prienai d. mun.;2012;241;121;120
Prienai d. mun.;2013;247;125;122
Prienai d. mun.;2014;264;133;131
Prienai d. mun.;2015;279;146;133
Prienai d. mun.;2016;259;144;115
Prienai d. mun.;2017;226;109;117
Raseiniai d. mun.;1994;559;;
Raseiniai d. mun.;1995;572;;
Raseiniai d. mun.;1996;510;;
Raseiniai d. mun.;1997;515;;
Raseiniai d. mun.;1998;525;;
Raseiniai d. mun.;1999;481;;
Raseiniai d. mun.;2000;470;242;228
Raseiniai d. mun.;2001;464;247;217
Raseiniai d. mun.;2002;382;201;181
Raseiniai d. mun.;2003;423;212;211
Raseiniai d. mun.;2004;428;225;203
Raseiniai d. mun.;2005;382;201;181
Raseiniai d. mun.;2006;379;185;194
Raseiniai d. mun.;2007;363;190;173
Raseiniai d. mun.;2008;362;197;165
Raseiniai d. mun.;2009;347;172;175
Raseiniai d. mun.;2010;292;152;140
Raseiniai d. mun.;2011;327;152;175
Raseiniai d. mun.;2012;340;164;176
Raseiniai d. mun.;2013;315;152;163
Raseiniai d. mun.;2014;354;166;188
Raseiniai d. mun.;2015;325;171;154
Raseiniai d. mun.;2016;295;152;143
Raseiniai d. mun.;2017;268;119;149
Klaipėda county;1994;4662;;
Klaipėda county;1995;4453;;
Klaipėda county;1996;4275;;
Klaipėda county;1997;4153;;
Klaipėda county;1998;4111;;
Klaipėda county;1999;4020;;
Klaipėda county;2000;3886;2014;1872
Klaipėda county;2001;3538;1779;1759
Klaipėda county;2002;3316;1733;1583
Klaipėda county;2003;3398;1775;1623
Klaipėda county;2004;3413;1737;1676
Klaipėda county;2005;3327;1751;1576
Klaipėda county;2006;3433;1751;1682
Klaipėda county;2007;3597;1865;1732
Klaipėda county;2008;3737;1892;1845
Klaipėda county;2009;3869;2028;1841
Klaipėda county;2010;3640;1840;1800
Klaipėda county;2011;3590;1818;1772
Klaipėda county;2012;3627;1843;1784
Klaipėda county;2013;3617;1818;1799
Klaipėda county;2014;3643;1862;1781
Klaipėda county;2015;3859;1995;1864
Klaipėda county;2016;3584;1865;1719
Klaipėda county;2017;3438;1796;1642
Klaipėda c. mun.;1994;2045;;
Klaipėda c. mun.;1995;2006;;
Klaipėda c. mun.;1996;1801;;
Klaipėda c. mun.;1997;1731;;
Klaipėda c. mun.;1998;1735;;
Klaipėda c. mun.;1999;1674;;
Klaipėda c. mun.;2000;1646;829;817
Klaipėda c. mun.;2001;1647;869;778
Klaipėda c. mun.;2002;1522;767;755
Klaipėda c. mun.;2003;1480;778;702
Klaipėda c. mun.;2004;1543;796;747
Klaipėda c. mun.;2005;1537;825;712
Klaipėda c. mun.;2006;1662;877;785
Klaipėda c. mun.;2007;1707;898;809
Klaipėda c. mun.;2008;1810;930;880
Klaipėda c. mun.;2009;1977;1041;936
Klaipėda c. mun.;2010;1796;897;899
Klaipėda c. mun.;2011;1801;920;881
Klaipėda c. mun.;2012;1841;944;897
Klaipėda c. mun.;2013;1756;863;893
Klaipėda c. mun.;2014;1840;962;878
Klaipėda c. mun.;2015;1915;1008;907
Klaipėda c. mun.;2016;1784;955;829
Klaipėda c. mun.;2017;1693;899;794
Klaipėda d. mun.;1994;578;;
Klaipėda d. mun.;1995;561;;
Klaipėda d. mun.;1996;558;;
Klaipėda d. mun.;1997;563;;
Klaipėda d. mun.;1998;596;;
Klaipėda d. mun.;1999;619;;
Klaipėda d. mun.;2000;568;302;266
Klaipėda d. mun.;2001;467;225;242
Klaipėda d. mun.;2002;438;244;194
Klaipėda d. mun.;2003;478;252;226
Klaipėda d. mun.;2004;473;231;242
Klaipėda d. mun.;2005;466;233;233
Klaipėda d. mun.;2006;493;241;252
Klaipėda d. mun.;2007;590;292;298
Klaipėda d. mun.;2008;604;307;297
Klaipėda d. mun.;2009;605;326;279
Klaipėda d. mun.;2010;590;301;289
Klaipėda d. mun.;2011;550;270;280
Klaipėda d. mun.;2012;525;286;239
Klaipėda d. mun.;2013;635;320;315
Klaipėda d. mun.;2014;556;288;268
Klaipėda d. mun.;2015;570;291;279
Klaipėda d. mun.;2016;568;285;283
Klaipėda d. mun.;2017;597;314;283
Kretinga d. mun.;1994;609;;
Kretinga d. mun.;1995;537;;
Kretinga d. mun.;1996;598;;
Kretinga d. mun.;1997;531;;
Kretinga d. mun.;1998;517;;
Kretinga d. mun.;1999;484;;
Kretinga d. mun.;2000;509;280;229
Kretinga d. mun.;2001;431;201;230
Kretinga d. mun.;2002;426;228;198
Kretinga d. mun.;2003;473;237;236
Kretinga d. mun.;2004;437;209;228
Kretinga d. mun.;2005;435;236;199
Kretinga d. mun.;2006;435;214;221
Kretinga d. mun.;2007;427;221;206
Kretinga d. mun.;2008;432;229;203
Kretinga d. mun.;2009;443;236;207
Kretinga d. mun.;2010;459;248;211
Kretinga d. mun.;2011;420;225;195
Kretinga d. mun.;2012;417;202;215
Kretinga d. mun.;2013;396;195;201
Kretinga d. mun.;2014;403;200;203
Kretinga d. mun.;2015;392;199;193
Kretinga d. mun.;2016;396;198;198
Kretinga d. mun.;2017;411;208;203
Neringa mun.;1994;27;;
Neringa mun.;1995;27;;
Neringa mun.;1996;34;;
Neringa mun.;1997;20;;
Neringa mun.;1998;27;;
Neringa mun.;1999;27;;
Neringa mun.;2000;19;11;8
Neringa mun.;2001;13;7;6
Neringa mun.;2002;21;12;9
Neringa mun.;2003;15;8;7
Neringa mun.;2004;29;12;17
Neringa mun.;2005;31;14;17
Neringa mun.;2006;24;10;14
Neringa mun.;2007;35;19;16
Neringa mun.;2008;30;13;17
Neringa mun.;2009;33;17;16
Neringa mun.;2010;47;29;18
Neringa mun.;2011;49;26;23
Neringa mun.;2012;40;20;20
Neringa mun.;2013;43;23;20
Neringa mun.;2014;48;32;16
Neringa mun.;2015;56;27;29
Neringa mun.;2016;45;24;21
Neringa mun.;2017;42;15;27
Palanga t. mun.;1994;237;;
Palanga t. mun.;1995;216;;
Palanga t. mun.;1996;195;;
Palanga t. mun.;1997;187;;
Palanga t. mun.;1998;152;;
Palanga t. mun.;1999;155;;
Palanga t. mun.;2000;162;85;77
Palanga t. mun.;2001;132;65;67
Palanga t. mun.;2002;118;68;50
Palanga t. mun.;2003;151;74;77
Palanga t. mun.;2004;129;68;61
Palanga t. mun.;2005;131;68;63
Palanga t. mun.;2006;144;81;63
Palanga t. mun.;2007;144;76;68
Palanga t. mun.;2008;157;83;74
Palanga t. mun.;2009;138;65;73
Palanga t. mun.;2010;151;83;68
Palanga t. mun.;2011;152;72;80
Palanga t. mun.;2012;141;62;79
Palanga t. mun.;2013;151;89;62
Palanga t. mun.;2014;136;58;78
Palanga t. mun.;2015;160;86;74
Palanga t. mun.;2016;157;78;79
Palanga t. mun.;2017;133;70;63
Skuodas d. mun.;1994;362;;
Skuodas d. mun.;1995;360;;
Skuodas d. mun.;1996;354;;
Skuodas d. mun.;1997;364;;
Skuodas d. mun.;1998;335;;
Skuodas d. mun.;1999;332;;
Skuodas d. mun.;2000;302;155;147
Skuodas d. mun.;2001;247;120;127
Skuodas d. mun.;2002;217;112;105
Skuodas d. mun.;2003;242;129;113
Skuodas d. mun.;2004;237;113;124
Skuodas d. mun.;2005;204;106;98
Skuodas d. mun.;2006;165;76;89
Skuodas d. mun.;2007;169;92;77
Skuodas d. mun.;2008;198;93;105
Skuodas d. mun.;2009;209;118;91
Skuodas d. mun.;2010;175;80;95
Skuodas d. mun.;2011;162;77;85
Skuodas d. mun.;2012;186;91;95
Skuodas d. mun.;2013;156;67;89
Skuodas d. mun.;2014;167;79;88
Skuodas d. mun.;2015;217;101;116
Skuodas d. mun.;2016;200;99;101
Skuodas d. mun.;2017;158;81;77
Šilutė d. mun.;1994;804;;
Šilutė d. mun.;1995;746;;
Šilutė d. mun.;1996;735;;
Šilutė d. mun.;1997;757;;
Šilutė d. mun.;1998;749;;
Šilutė d. mun.;1999;729;;
Šilutė d. mun.;2000;680;352;328
Šilutė d. mun.;2001;601;292;309
Šilutė d. mun.;2002;574;302;272
Šilutė d. mun.;2003;559;297;262
Šilutė d. mun.;2004;565;308;257
Šilutė d. mun.;2005;523;269;254
Šilutė d. mun.;2006;510;252;258
Šilutė d. mun.;2007;525;267;258
Šilutė d. mun.;2008;506;237;269
Šilutė d. mun.;2009;464;225;239
Šilutė d. mun.;2010;422;202;220
Šilutė d. mun.;2011;456;228;228
Šilutė d. mun.;2012;477;238;239
Šilutė d. mun.;2013;480;261;219
Šilutė d. mun.;2014;493;243;250
Šilutė d. mun.;2015;549;283;266
Šilutė d. mun.;2016;434;226;208
Šilutė d. mun.;2017;404;209;195
Marijampolė county;1994;2530;;
Marijampolė county;1995;2491;;
Marijampolė county;1996;2336;;
Marijampolė county;1997;2394;;
Marijampolė county;1998;2355;;
Marijampolė county;1999;2237;;
Marijampolė county;2000;2084;1051;1033
Marijampolė county;2001;1963;1007;956
Marijampolė county;2002;1860;940;920
Marijampolė county;2003;1876;969;907
Marijampolė county;2004;1767;895;872
Marijampolė county;2005;1615;846;769
Marijampolė county;2006;1721;883;838
Marijampolė county;2007;1580;819;761
Marijampolė county;2008;1631;838;793
Marijampolė county;2009;1657;853;804
Marijampolė county;2010;1534;785;749
Marijampolė county;2011;1586;851;735
Marijampolė county;2012;1580;804;776
Marijampolė county;2013;1565;807;758
Marijampolė county;2014;1517;783;734
Marijampolė county;2015;1547;803;744
Marijampolė county;2016;1491;790;701
Marijampolė county;2017;1357;681;676
Kalvarija mun.;1994;186;;
Kalvarija mun.;1995;191;;
Kalvarija mun.;1996;174;;
Kalvarija mun.;1997;179;;
Kalvarija mun.;1998;182;;
Kalvarija mun.;1999;167;;
Kalvarija mun.;2000;158;80;78
Kalvarija mun.;2001;147;71;76
Kalvarija mun.;2002;163;80;83
Kalvarija mun.;2003;138;73;65
Kalvarija mun.;2004;139;73;66
Kalvarija mun.;2005;123;67;56
Kalvarija mun.;2006;139;67;72
Kalvarija mun.;2007;124;63;61
Kalvarija mun.;2008;125;65;60
Kalvarija mun.;2009;111;63;48
Kalvarija mun.;2010;139;71;68
Kalvarija mun.;2011;140;85;55
Kalvarija mun.;2012;143;79;64
Kalvarija mun.;2013;111;64;47
Kalvarija mun.;2014;122;57;65
Kalvarija mun.;2015;134;66;68
Kalvarija mun.;2016;137;79;58
Kalvarija mun.;2017;127;63;64
Kazlų Rūda mun.;1994;194;;
Kazlų Rūda mun.;1995;183;;
Kazlų Rūda mun.;1996;168;;
Kazlų Rūda mun.;1997;188;;
Kazlų Rūda mun.;1998;172;;
Kazlų Rūda mun.;1999;168;;
Kazlų Rūda mun.;2000;163;85;78
Kazlų Rūda mun.;2001;154;75;79
Kazlų Rūda mun.;2002;134;74;60
Kazlų Rūda mun.;2003;187;101;86
Kazlų Rūda mun.;2004;158;82;76
Kazlų Rūda mun.;2005;136;67;69
Kazlų Rūda mun.;2006;130;68;62
Kazlų Rūda mun.;2007;140;70;70
Kazlų Rūda mun.;2008;129;64;65
Kazlų Rūda mun.;2009;116;63;53
Kazlų Rūda mun.;2010;142;83;59
Kazlų Rūda mun.;2011;138;68;70
Kazlų Rūda mun.;2012;133;58;75
Kazlų Rūda mun.;2013;140;74;66
Kazlų Rūda mun.;2014;124;70;54
Kazlų Rūda mun.;2015;128;71;57
Kazlų Rūda mun.;2016;136;79;57
Kazlų Rūda mun.;2017;95;48;47
Marijampolė mun.;1994;934;;
Marijampolė mun.;1995;920;;
Marijampolė mun.;1996;855;;
Marijampolė mun.;1997;877;;
Marijampolė mun.;1998;849;;
Marijampolė mun.;1999;797;;
Marijampolė mun.;2000;705;356;349
Marijampolė mun.;2001;697;348;349
Marijampolė mun.;2002;643;335;308
Marijampolė mun.;2003;684;341;343
Marijampolė mun.;2004;656;333;323
Marijampolė mun.;2005;589;316;273
Marijampolė mun.;2006;632;329;303
Marijampolė mun.;2007;602;321;281
Marijampolė mun.;2008;636;333;303
Marijampolė mun.;2009;640;340;300
Marijampolė mun.;2010;580;305;275
Marijampolė mun.;2011;574;308;266
Marijampolė mun.;2012;592;301;291
Marijampolė mun.;2013;587;294;293
Marijampolė mun.;2014;601;310;291
Marijampolė mun.;2015;579;300;279
Marijampolė mun.;2016;592;306;286
Marijampolė mun.;2017;536;275;261
Šakiai d. mun.;1994;544;;
Šakiai d. mun.;1995;505;;
Šakiai d. mun.;1996;493;;
Šakiai d. mun.;1997;478;;
Šakiai d. mun.;1998;502;;
Šakiai d. mun.;1999;471;;
Šakiai d. mun.;2000;456;233;223
Šakiai d. mun.;2001;407;212;195
Šakiai d. mun.;2002;390;201;189
Šakiai d. mun.;2003;376;207;169
Šakiai d. mun.;2004;334;162;172
Šakiai d. mun.;2005;285;162;123
Šakiai d. mun.;2006;336;176;160
Šakiai d. mun.;2007;290;148;142
Šakiai d. mun.;2008;302;160;142
Šakiai d. mun.;2009;312;159;153
Šakiai d. mun.;2010;278;125;153
Šakiai d. mun.;2011;315;170;145
Šakiai d. mun.;2012;300;151;149
Šakiai d. mun.;2013;323;161;162
Šakiai d. mun.;2014;283;138;145
Šakiai d. mun.;2015;310;153;157
Šakiai d. mun.;2016;267;135;132
Šakiai d. mun.;2017;252;131;121
Vilkaviškis d. mun.;1994;672;;
Vilkaviškis d. mun.;1995;692;;
Vilkaviškis d. mun.;1996;646;;
Vilkaviškis d. mun.;1997;672;;
Vilkaviškis d. mun.;1998;650;;
Vilkaviškis d. mun.;1999;634;;
Vilkaviškis d. mun.;2000;602;297;305
Vilkaviškis d. mun.;2001;558;301;257
Vilkaviškis d. mun.;2002;530;250;280
Vilkaviškis d. mun.;2003;491;247;244
Vilkaviškis d. mun.;2004;480;245;235
Vilkaviškis d. mun.;2005;482;234;248
Vilkaviškis d. mun.;2006;484;243;241
Vilkaviškis d. mun.;2007;424;217;207
Vilkaviškis d. mun.;2008;439;216;223
Vilkaviškis d. mun.;2009;478;228;250
Vilkaviškis d. mun.;2010;395;201;194
Vilkaviškis d. mun.;2011;419;220;199
Vilkaviškis d. mun.;2012;412;215;197
Vilkaviškis d. mun.;2013;404;214;190
Vilkaviškis d. mun.;2014;387;208;179
Vilkaviškis d. mun.;2015;396;213;183
Vilkaviškis d. mun.;2016;359;191;168
Vilkaviškis d. mun.;2017;347;164;183
Panevėžys county;1994;3767;;
Panevėžys county;1995;3591;;
Panevėžys county;1996;3529;;
Panevėžys county;1997;3379;;
Panevėžys county;1998;3210;;
Panevėžys county;1999;3168;;
Panevėžys county;2000;2928;1556;1372
Panevėžys county;2001;2673;1337;1336
Panevėžys county;2002;2554;1336;1218
Panevėžys county;2003;2508;1334;1174
Panevėžys county;2004;2417;1222;1195
Panevėžys county;2005;2409;1252;1157
Panevėžys county;2006;2333;1138;1195
Panevėžys county;2007;2206;1092;1114
Panevėžys county;2008;2236;1199;1037
Panevėžys county;2009;2332;1223;1109
Panevėžys county;2010;2122;1076;1046
Panevėžys county;2011;2076;1083;993
Panevėžys county;2012;2144;1068;1076
Panevėžys county;2013;2116;1078;1038
Panevėžys county;2014;2173;1099;1074
Panevėžys county;2015;2224;1133;1091
Panevėžys county;2016;2018;1043;975
Panevėžys county;2017;1937;979;958
Biržai d. mun.;1994;438;;
Biržai d. mun.;1995;436;;
Biržai d. mun.;1996;438;;
Biržai d. mun.;1997;380;;
Biržai d. mun.;1998;417;;
Biržai d. mun.;1999;395;;
Biržai d. mun.;2000;347;192;155
Biržai d. mun.;2001;317;178;139
Biržai d. mun.;2002;320;167;153
Biržai d. mun.;2003;307;174;133
Biržai d. mun.;2004;289;159;130
Biržai d. mun.;2005;273;139;134
Biržai d. mun.;2006;234;121;113
Biržai d. mun.;2007;223;118;105
Biržai d. mun.;2008;232;125;107
Biržai d. mun.;2009;247;137;110
Biržai d. mun.;2010;206;108;98
Biržai d. mun.;2011;215;115;100
Biržai d. mun.;2012;225;114;111
Biržai d. mun.;2013;222;118;104
Biržai d. mun.;2014;219;116;103
Biržai d. mun.;2015;230;119;111
Biržai d. mun.;2016;196;105;91
Biržai d. mun.;2017;220;125;95
Kupiškis d. mun.;1994;307;;
Kupiškis d. mun.;1995;279;;
Kupiškis d. mun.;1996;313;;
Kupiškis d. mun.;1997;234;;
Kupiškis d. mun.;1998;257;;
Kupiškis d. mun.;1999;247;;
Kupiškis d. mun.;2000;278;146;132
Kupiškis d. mun.;2001;241;112;129
Kupiškis d. mun.;2002;198;101;97
Kupiškis d. mun.;2003;208;105;103
Kupiškis d. mun.;2004;192;94;98
Kupiškis d. mun.;2005;204;104;100
Kupiškis d. mun.;2006;201;76;125
Kupiškis d. mun.;2007;175;78;97
Kupiškis d. mun.;2008;191;94;97
Kupiškis d. mun.;2009;166;76;90
Kupiškis d. mun.;2010;142;79;63
Kupiškis d. mun.;2011;138;70;68
Kupiškis d. mun.;2012;156;74;82
Kupiškis d. mun.;2013;170;88;82
Kupiškis d. mun.;2014;160;84;76
Kupiškis d. mun.;2015;177;81;96
Kupiškis d. mun.;2016;139;64;75
Kupiškis d. mun.;2017;137;69;68
Panevėžys c. mun.;1994;1510;;
Panevėžys c. mun.;1995;1484;;
Panevėžys c. mun.;1996;1364;;
Panevėžys c. mun.;1997;1342;;
Panevėžys c. mun.;1998;1199;;
Panevėžys c. mun.;1999;1163;;
Panevėžys c. mun.;2000;1100;596;504
Panevėžys c. mun.;2001;913;441;472
Panevėžys c. mun.;2002;928;487;441
Panevėžys c. mun.;2003;881;460;421
Panevėžys c. mun.;2004;914;452;462
Panevėžys c. mun.;2005;911;473;438
Panevėžys c. mun.;2006;919;446;473
Panevėžys c. mun.;2007;865;442;423
Panevėžys c. mun.;2008;896;494;402
Panevėžys c. mun.;2009;941;490;451
Panevėžys c. mun.;2010;845;430;415
Panevėžys c. mun.;2011;897;450;447
Panevėžys c. mun.;2012;922;476;446
Panevėžys c. mun.;2013;861;445;416
Panevėžys c. mun.;2014;904;438;466
Panevėžys c. mun.;2015;943;483;460
Panevėžys c. mun.;2016;863;450;413
Panevėžys c. mun.;2017;839;409;430
Panevėžys d. mun.;1994;527;;
Panevėžys d. mun.;1995;487;;
Panevėžys d. mun.;1996;507;;
Panevėžys d. mun.;1997;541;;
Panevėžys d. mun.;1998;517;;
Panevėžys d. mun.;1999;509;;
Panevėžys d. mun.;2000;440;230;210
Panevėžys d. mun.;2001;457;243;214
Panevėžys d. mun.;2002;452;240;212
Panevėžys d. mun.;2003;432;226;206
Panevėžys d. mun.;2004;415;210;205
Panevėžys d. mun.;2005;443;248;195
Panevėžys d. mun.;2006;409;207;202
Panevėžys d. mun.;2007;389;175;214
Panevėžys d. mun.;2008;356;194;162
Panevėžys d. mun.;2009;394;215;179
Panevėžys d. mun.;2010;364;186;178
Panevėžys d. mun.;2011;303;174;129
Panevėžys d. mun.;2012;348;173;175
Panevėžys d. mun.;2013;354;167;187
Panevėžys d. mun.;2014;367;184;183
Panevėžys d. mun.;2015;341;171;170
Panevėžys d. mun.;2016;347;192;155
Panevėžys d. mun.;2017;320;159;161
Pasvalys d. mun.;1994;489;;
Pasvalys d. mun.;1995;446;;
Pasvalys d. mun.;1996;431;;
Pasvalys d. mun.;1997;388;;
Pasvalys d. mun.;1998;408;;
Pasvalys d. mun.;1999;428;;
Pasvalys d. mun.;2000;397;194;203
Pasvalys d. mun.;2001;389;184;205
Pasvalys d. mun.;2002;331;182;149
Pasvalys d. mun.;2003;359;184;175
Pasvalys d. mun.;2004;281;143;138
Pasvalys d. mun.;2005;274;142;132
Pasvalys d. mun.;2006;286;149;137
Pasvalys d. mun.;2007;286;149;137
Pasvalys d. mun.;2008;251;137;114
Pasvalys d. mun.;2009;300;151;149
Pasvalys d. mun.;2010;262;129;133
Pasvalys d. mun.;2011;254;128;126
Pasvalys d. mun.;2012;263;131;132
Pasvalys d. mun.;2013;251;124;127
Pasvalys d. mun.;2014;253;131;122
Pasvalys d. mun.;2015;286;154;132
Pasvalys d. mun.;2016;258;132;126
Pasvalys d. mun.;2017;199;102;97
Rokiškis d. mun.;1994;496;;
Rokiškis d. mun.;1995;459;;
Rokiškis d. mun.;1996;476;;
Rokiškis d. mun.;1997;494;;
Rokiškis d. mun.;1998;412;;
Rokiškis d. mun.;1999;426;;
Rokiškis d. mun.;2000;366;198;168
Rokiškis d. mun.;2001;356;179;177
Rokiškis d. mun.;2002;325;159;166
Rokiškis d. mun.;2003;321;185;136
Rokiškis d. mun.;2004;326;164;162
Rokiškis d. mun.;2005;304;146;158
Rokiškis d. mun.;2006;284;139;145
Rokiškis d. mun.;2007;268;130;138
Rokiškis d. mun.;2008;310;155;155
Rokiškis d. mun.;2009;284;154;130
Rokiškis d. mun.;2010;303;144;159
Rokiškis d. mun.;2011;269;146;123
Rokiškis d. mun.;2012;230;100;130
Rokiškis d. mun.;2013;258;136;122
Rokiškis d. mun.;2014;270;146;124
Rokiškis d. mun.;2015;247;125;122
Rokiškis d. mun.;2016;215;100;115
Rokiškis d. mun.;2017;222;115;107
Šiauliai county;1994;4797;;
Šiauliai county;1995;4594;;
Šiauliai county;1996;4474;;
Šiauliai county;1997;4252;;
Šiauliai county;1998;4092;;
Šiauliai county;1999;3988;;
Šiauliai county;2000;3657;1889;1768
Šiauliai county;2001;3327;1709;1618
Šiauliai county;2002;3181;1642;1539
Šiauliai county;2003;3198;1656;1542
Šiauliai county;2004;3154;1570;1584
Šiauliai county;2005;2963;1459;1504
Šiauliai county;2006;2868;1439;1429
Šiauliai county;2007;2951;1431;1520
Šiauliai county;2008;3024;1583;1441
Šiauliai county;2009;2937;1541;1396
Šiauliai county;2010;2738;1401;1337
Šiauliai county;2011;2789;1464;1325
Šiauliai county;2012;2751;1436;1315
Šiauliai county;2013;2760;1393;1367
Šiauliai county;2014;2714;1380;1334
Šiauliai county;2015;2754;1420;1334
Šiauliai county;2016;2730;1403;1327
Šiauliai county;2017;2511;1278;1233
Akmenė d. mun.;1994;409;;
Akmenė d. mun.;1995;397;;
Akmenė d. mun.;1996;387;;
Akmenė d. mun.;1997;359;;
Akmenė d. mun.;1998;350;;
Akmenė d. mun.;1999;336;;
Akmenė d. mun.;2000;315;168;147
Akmenė d. mun.;2001;265;143;122
Akmenė d. mun.;2002;260;144;116
Akmenė d. mun.;2003;260;137;123
Akmenė d. mun.;2004;252;118;134
Akmenė d. mun.;2005;237;115;122
Akmenė d. mun.;2006;231;109;122
Akmenė d. mun.;2007;228;104;124
Akmenė d. mun.;2008;233;125;108
Akmenė d. mun.;2009;225;122;103
Akmenė d. mun.;2010;216;116;100
Akmenė d. mun.;2011;233;124;109
Akmenė d. mun.;2012;195;114;81
Akmenė d. mun.;2013;189;94;95
Akmenė d. mun.;2014;188;88;100
Akmenė d. mun.;2015;185;98;87
Akmenė d. mun.;2016;214;113;101
Akmenė d. mun.;2017;175;87;88
Joniškis d. mun.;1994;459;;
Joniškis d. mun.;1995;400;;
Joniškis d. mun.;1996;376;;
Joniškis d. mun.;1997;403;;
Joniškis d. mun.;1998;374;;
Joniškis d. mun.;1999;393;;
Joniškis d. mun.;2000;343;175;168
Joniškis d. mun.;2001;292;159;133
Joniškis d. mun.;2002;324;173;151
Joniškis d. mun.;2003;316;155;161
Joniškis d. mun.;2004;320;153;167
Joniškis d. mun.;2005;263;134;129
Joniškis d. mun.;2006;234;132;102
Joniškis d. mun.;2007;237;114;123
Joniškis d. mun.;2008;262;137;125
Joniškis d. mun.;2009;242;127;115
Joniškis d. mun.;2010;197;103;94
Joniškis d. mun.;2011;232;122;110
Joniškis d. mun.;2012;217;110;107
Joniškis d. mun.;2013;235;129;106
Joniškis d. mun.;2014;202;108;94
Joniškis d. mun.;2015;195;94;101
Joniškis d. mun.;2016;205;110;95
Joniškis d. mun.;2017;177;80;97
Kelmė d. mun.;1994;522;;
Kelmė d. mun.;1995;511;;
Kelmė d. mun.;1996;519;;
Kelmė d. mun.;1997;484;;
Kelmė d. mun.;1998;480;;
Kelmė d. mun.;1999;459;;
Kelmė d. mun.;2000;400;198;202
Kelmė d. mun.;2001;391;187;204
Kelmė d. mun.;2002;387;201;186
Kelmė d. mun.;2003;375;197;178
Kelmė d. mun.;2004;334;160;174
Kelmė d. mun.;2005;322;145;177
Kelmė d. mun.;2006;310;140;170
Kelmė d. mun.;2007;316;155;161
Kelmė d. mun.;2008;307;160;147
Kelmė d. mun.;2009;319;168;151
Kelmė d. mun.;2010;294;164;130
Kelmė d. mun.;2011;264;133;131
Kelmė d. mun.;2012;274;145;129
Kelmė d. mun.;2013;282;149;133
Kelmė d. mun.;2014;270;139;131
Kelmė d. mun.;2015;241;123;118
Kelmė d. mun.;2016;242;123;119
Kelmė d. mun.;2017;234;128;106
Pakruojis d. mun.;1994;418;;
Pakruojis d. mun.;1995;399;;
Pakruojis d. mun.;1996;387;;
Pakruojis d. mun.;1997;325;;
Pakruojis d. mun.;1998;342;;
Pakruojis d. mun.;1999;356;;
Pakruojis d. mun.;2000;339;177;162
Pakruojis d. mun.;2001;282;138;144
Pakruojis d. mun.;2002;278;151;127
Pakruojis d. mun.;2003;283;140;143
Pakruojis d. mun.;2004;254;132;122
Pakruojis d. mun.;2005;269;148;121
Pakruojis d. mun.;2006;235;98;137
Pakruojis d. mun.;2007;234;113;121
Pakruojis d. mun.;2008;230;119;111
Pakruojis d. mun.;2009;217;116;101
Pakruojis d. mun.;2010;209;102;107
Pakruojis d. mun.;2011;217;119;98
Pakruojis d. mun.;2012;187;84;103
Pakruojis d. mun.;2013;210;94;116
Pakruojis d. mun.;2014;209;99;110
Pakruojis d. mun.;2015;166;81;85
Pakruojis d. mun.;2016;200;123;77
Pakruojis d. mun.;2017;173;83;90
Radviliškis d. mun.;1994;644;;
Radviliškis d. mun.;1995;664;;
Radviliškis d. mun.;1996;646;;
Radviliškis d. mun.;1997;644;;
Radviliškis d. mun.;1998;571;;
Radviliškis d. mun.;1999;578;;
Radviliškis d. mun.;2000;534;269;265
Radviliškis d. mun.;2001;495;268;227
Radviliškis d. mun.;2002;493;237;256
Radviliškis d. mun.;2003;471;242;229
Radviliškis d. mun.;2004;484;262;222
Radviliškis d. mun.;2005;437;231;206
Radviliškis d. mun.;2006;478;241;237
Radviliškis d. mun.;2007;448;214;234
Radviliškis d. mun.;2008;406;210;196
Radviliškis d. mun.;2009;377;203;174
Radviliškis d. mun.;2010;401;209;192
Radviliškis d. mun.;2011;385;194;191
Radviliškis d. mun.;2012;353;186;167
Radviliškis d. mun.;2013;400;217;183
Radviliškis d. mun.;2014;361;190;171
Radviliškis d. mun.;2015;369;192;177
Radviliškis d. mun.;2016;375;179;196
Radviliškis d. mun.;2017;298;165;133
Šiauliai c. mun.;1994;1657;;
Šiauliai c. mun.;1995;1553;;
Šiauliai c. mun.;1996;1488;;
Šiauliai c. mun.;1997;1459;;
Šiauliai c. mun.;1998;1333;;
Šiauliai c. mun.;1999;1273;;
Šiauliai c. mun.;2000;1193;624;569
Šiauliai c. mun.;2001;1102;551;551
Šiauliai c. mun.;2002;978;514;464
Šiauliai c. mun.;2003;980;513;467
Šiauliai c. mun.;2004;1057;522;535
Šiauliai c. mun.;2005;1020;482;538
Šiauliai c. mun.;2006;967;496;471
Šiauliai c. mun.;2007;1058;518;540
Šiauliai c. mun.;2008;1136;588;548
Šiauliai c. mun.;2009;1138;587;551
Šiauliai c. mun.;2010;1066;527;539
Šiauliai c. mun.;2011;1094;566;528
Šiauliai c. mun.;2012;1127;594;533
Šiauliai c. mun.;2013;1062;517;545
Šiauliai c. mun.;2014;1124;565;559
Šiauliai c. mun.;2015;1186;623;563
Šiauliai c. mun.;2016;1123;573;550
Šiauliai c. mun.;2017;1088;545;543
Šiauliai d. mun.;1994;688;;
Šiauliai d. mun.;1995;670;;
Šiauliai d. mun.;1996;671;;
Šiauliai d. mun.;1997;578;;
Šiauliai d. mun.;1998;642;;
Šiauliai d. mun.;1999;593;;
Šiauliai d. mun.;2000;533;278;255
Šiauliai d. mun.;2001;500;263;237
Šiauliai d. mun.;2002;461;222;239
Šiauliai d. mun.;2003;513;272;241
Šiauliai d. mun.;2004;453;223;230
Šiauliai d. mun.;2005;415;204;211
Šiauliai d. mun.;2006;413;223;190
Šiauliai d. mun.;2007;430;213;217
Šiauliai d. mun.;2008;450;244;206
Šiauliai d. mun.;2009;419;218;201
Šiauliai d. mun.;2010;355;180;175
Šiauliai d. mun.;2011;364;206;158
Šiauliai d. mun.;2012;398;203;195
Šiauliai d. mun.;2013;382;193;189
Šiauliai d. mun.;2014;360;191;169
Šiauliai d. mun.;2015;412;209;203
Šiauliai d. mun.;2016;371;182;189
Šiauliai d. mun.;2017;366;190;176
Tauragė county;1994;1946;;
Tauragė county;1995;1827;;
Tauragė county;1996;1767;;
Tauragė county;1997;1606;;
Tauragė county;1998;1594;;
Tauragė county;1999;1594;;
Tauragė county;2000;1461;754;707
Tauragė county;2001;1281;632;649
Tauragė county;2002;1223;623;600
Tauragė county;2003;1290;659;631
Tauragė county;2004;1136;596;540
Tauragė county;2005;1141;600;541
Tauragė county;2006;1080;565;515
Tauragė county;2007;1128;590;538
Tauragė county;2008;1113;560;553
Tauragė county;2009;1072;521;551
Tauragė county;2010;1015;529;486
Tauragė county;2011;1035;548;487
Tauragė county;2012;1092;577;515
Tauragė county;2013;1089;572;517
Tauragė county;2014;1078;566;512
Tauragė county;2015;1153;578;575
Tauragė county;2016;1072;551;521
Tauragė county;2017;964;496;468
Jurbarkas d. mun.;1994;521;;
Jurbarkas d. mun.;1995;469;;
Jurbarkas d. mun.;1996;464;;
Jurbarkas d. mun.;1997;403;;
Jurbarkas d. mun.;1998;416;;
Jurbarkas d. mun.;1999;435;;
Jurbarkas d. mun.;2000;375;186;189
Jurbarkas d. mun.;2001;341;179;162
Jurbarkas d. mun.;2002;312;174;138
Jurbarkas d. mun.;2003;338;168;170
Jurbarkas d. mun.;2004;313;170;143
Jurbarkas d. mun.;2005;313;170;143
Jurbarkas d. mun.;2006;301;147;154
Jurbarkas d. mun.;2007;302;158;144
Jurbarkas d. mun.;2008;311;154;157
Jurbarkas d. mun.;2009;297;145;152
Jurbarkas d. mun.;2010;243;131;112
Jurbarkas d. mun.;2011;253;155;98
Jurbarkas d. mun.;2012;283;131;152
Jurbarkas d. mun.;2013;249;140;109
Jurbarkas d. mun.;2014;268;155;113
Jurbarkas d. mun.;2015;272;138;134
Jurbarkas d. mun.;2016;272;153;119
Jurbarkas d. mun.;2017;241;130;111
Pagėgiai mun.;1994;166;;
Pagėgiai mun.;1995;153;;
Pagėgiai mun.;1996;164;;
Pagėgiai mun.;1997;160;;
Pagėgiai mun.;1998;172;;
Pagėgiai mun.;1999;149;;
Pagėgiai mun.;2000;156;69;87
Pagėgiai mun.;2001;134;59;75
Pagėgiai mun.;2002;137;67;70
Pagėgiai mun.;2003;113;58;55
Pagėgiai mun.;2004;109;54;55
Pagėgiai mun.;2005;128;66;62
Pagėgiai mun.;2006;100;50;50
Pagėgiai mun.;2007;101;51;50
Pagėgiai mun.;2008;116;64;52
Pagėgiai mun.;2009;97;52;45
Pagėgiai mun.;2010;107;46;61
Pagėgiai mun.;2011;103;48;55
Pagėgiai mun.;2012;129;72;57
Pagėgiai mun.;2013;110;50;60
Pagėgiai mun.;2014;94;46;48
Pagėgiai mun.;2015;107;54;53
Pagėgiai mun.;2016;102;46;56
Pagėgiai mun.;2017;84;39;45
Šilalė d. mun.;1994;562;;
Šilalė d. mun.;1995;473;;
Šilalė d. mun.;1996;459;;
Šilalė d. mun.;1997;426;;
Šilalė d. mun.;1998;446;;
Šilalė d. mun.;1999;428;;
Šilalė d. mun.;2000;414;225;189
Šilalė d. mun.;2001;342;168;174
Šilalė d. mun.;2002;337;166;171
Šilalė d. mun.;2003;365;182;183
Šilalė d. mun.;2004;288;147;141
Šilalė d. mun.;2005;306;137;169
Šilalė d. mun.;2006;269;148;121
Šilalė d. mun.;2007;258;139;119
Šilalė d. mun.;2008;260;139;121
Šilalė d. mun.;2009;288;143;145
Šilalė d. mun.;2010;277;143;134
Šilalė d. mun.;2011;275;144;131
Šilalė d. mun.;2012;285;161;124
Šilalė d. mun.;2013;293;157;136
Šilalė d. mun.;2014;268;142;126
Šilalė d. mun.;2015;295;156;139
Šilalė d. mun.;2016;261;130;131
Šilalė d. mun.;2017;229;109;120
Tauragė d. mun.;1994;697;;
Tauragė d. mun.;1995;732;;
Tauragė d. mun.;1996;680;;
Tauragė d. mun.;1997;617;;
Tauragė d. mun.;1998;560;;
Tauragė d. mun.;1999;582;;
Tauragė d. mun.;2000;516;274;242
Tauragė d. mun.;2001;464;226;238
Tauragė d. mun.;2002;437;216;221
Tauragė d. mun.;2003;474;251;223
Tauragė d. mun.;2004;426;225;201
Tauragė d. mun.;2005;394;227;167
Tauragė d. mun.;2006;410;220;190
Tauragė d. mun.;2007;467;242;225
Tauragė d. mun.;2008;426;203;223
Tauragė d. mun.;2009;390;181;209
Tauragė d. mun.;2010;388;209;179
Tauragė d. mun.;2011;404;201;203
Tauragė d. mun.;2012;395;213;182
Tauragė d. mun.;2013;437;225;212
Tauragė d. mun.;2014;448;223;225
Tauragė d. mun.;2015;479;230;249
Tauragė d. mun.;2016;437;222;215
Tauragė d. mun.;2017;410;218;192
Telšiai county;1994;2613;;
Telšiai county;1995;2482;;
Telšiai county;1996;2283;;
Telšiai county;1997;2212;;
Telšiai county;1998;2241;;
Telšiai county;1999;2157;;
Telšiai county;2000;2017;1049;968
Telšiai county;2001;1775;917;858
Telšiai county;2002;1678;883;795
Telšiai county;2003;1729;907;822
Telšiai county;2004;1734;876;858
Telšiai county;2005;1624;836;788
Telšiai county;2006;1657;801;856
Telšiai county;2007;1628;832;796
Telšiai county;2008;1745;934;811
Telšiai county;2009;1573;793;780
Telšiai county;2010;1506;803;703
Telšiai county;2011;1580;803;777
Telšiai county;2012;1603;806;797
Telšiai county;2013;1535;778;757
Telšiai county;2014;1447;729;718
Telšiai county;2015;1558;791;767
Telšiai county;2016;1460;705;755
Telšiai county;2017;1332;683;649
Mažeikiai d. mun.;1994;945;;
Mažeikiai d. mun.;1995;957;;
Mažeikiai d. mun.;1996;861;;
Mažeikiai d. mun.;1997;832;;
Mažeikiai d. mun.;1998;840;;
Mažeikiai d. mun.;1999;848;;
Mažeikiai d. mun.;2000;791;399;392
Mažeikiai d. mun.;2001;681;346;335
Mažeikiai d. mun.;2002;652;342;310
Mažeikiai d. mun.;2003;640;329;311
Mažeikiai d. mun.;2004;659;327;332
Mažeikiai d. mun.;2005;618;332;286
Mažeikiai d. mun.;2006;616;285;331
Mažeikiai d. mun.;2007;639;314;325
Mažeikiai d. mun.;2008;690;387;303
Mažeikiai d. mun.;2009;629;331;298
Mažeikiai d. mun.;2010;614;324;290
Mažeikiai d. mun.;2011;657;342;315
Mažeikiai d. mun.;2012;651;331;320
Mažeikiai d. mun.;2013;600;309;291
Mažeikiai d. mun.;2014;572;284;288
Mažeikiai d. mun.;2015;624;303;321
Mažeikiai d. mun.;2016;575;292;283
Mažeikiai d. mun.;2017;512;263;249
Plungė d. mun.;1994;670;;
Plungė d. mun.;1995;599;;
Plungė d. mun.;1996;580;;
Plungė d. mun.;1997;575;;
Plungė d. mun.;1998;582;;
Plungė d. mun.;1999;545;;
Plungė d. mun.;2000;461;254;207
Plungė d. mun.;2001;416;218;198
Plungė d. mun.;2002;394;205;189
Plungė d. mun.;2003;425;235;190
Plungė d. mun.;2004;435;233;202
Plungė d. mun.;2005;384;196;188
Plungė d. mun.;2006;406;193;213
Plungė d. mun.;2007;430;211;219
Plungė d. mun.;2008;430;228;202
Plungė d. mun.;2009;392;208;184
Plungė d. mun.;2010;381;199;182
Plungė d. mun.;2011;371;180;191
Plungė d. mun.;2012;388;207;181
Plungė d. mun.;2013;370;182;188
Plungė d. mun.;2014;338;166;172
Plungė d. mun.;2015;400;207;193
Plungė d. mun.;2016;386;181;205
Plungė d. mun.;2017;353;169;184
Rietavas mun.;1994;162;;
Rietavas mun.;1995;140;;
Rietavas mun.;1996;121;;
Rietavas mun.;1997;138;;
Rietavas mun.;1998;126;;
Rietavas mun.;1999;118;;
Rietavas mun.;2000;124;56;68
Rietavas mun.;2001;103;54;49
Rietavas mun.;2002;104;55;49
Rietavas mun.;2003;122;61;61
Rietavas mun.;2004;105;58;47
Rietavas mun.;2005;89;44;45
Rietavas mun.;2006;116;60;56
Rietavas mun.;2007;107;55;52
Rietavas mun.;2008;105;58;47
Rietavas mun.;2009;85;40;45
Rietavas mun.;2010;74;38;36
Rietavas mun.;2011;92;51;41
Rietavas mun.;2012;104;52;52
Rietavas mun.;2013;96;49;47
Rietavas mun.;2014;77;41;36
Rietavas mun.;2015;88;47;41
Rietavas mun.;2016;79;39;40
Rietavas mun.;2017;84;49;35
Telšiai d. mun.;1994;836;;
Telšiai d. mun.;1995;786;;
Telšiai d. mun.;1996;721;;
Telšiai d. mun.;1997;667;;
Telšiai d. mun.;1998;693;;
Telšiai d. mun.;1999;646;;
Telšiai d. mun.;2000;641;340;301
Telšiai d. mun.;2001;575;299;276
Telšiai d. mun.;2002;528;281;247
Telšiai d. mun.;2003;542;282;260
Telšiai d. mun.;2004;535;258;277
Telšiai d. mun.;2005;533;264;269
Telšiai d. mun.;2006;519;263;256
Telšiai d. mun.;2007;452;252;200
Telšiai d. mun.;2008;520;261;259
Telšiai d. mun.;2009;467;214;253
Telšiai d. mun.;2010;437;242;195
Telšiai d. mun.;2011;460;230;230
Telšiai d. mun.;2012;460;216;244
Telšiai d. mun.;2013;469;238;231
Telšiai d. mun.;2014;460;238;222
Telšiai d. mun.;2015;446;234;212
Telšiai d. mun.;2016;420;193;227
Telšiai d. mun.;2017;383;202;181
Utena county;1994;2037;;
Utena county;1995;1996;;
Utena county;1996;1853;;
Utena county;1997;1789;;
Utena county;1998;1719;;
Utena county;1999;1776;;
Utena county;2000;1648;878;770
Utena county;2001;1499;781;718
Utena county;2002;1305;635;670
Utena county;2003;1334;711;623
Utena county;2004;1344;696;648
Utena county;2005;1331;673;658
Utena county;2006;1306;671;635
Utena county;2007;1236;650;586
Utena county;2008;1346;693;653
Utena county;2009;1280;653;627
Utena county;2010;1188;600;588
Utena county;2011;1137;597;540
Utena county;2012;1161;598;563
Utena county;2013;1120;567;553
Utena county;2014;1152;623;529
Utena county;2015;1135;576;559
Utena county;2016;1091;582;509
Utena county;2017;985;512;473
Anykščiai d. mun.;1994;388;;
Anykščiai d. mun.;1995;365;;
Anykščiai d. mun.;1996;355;;
Anykščiai d. mun.;1997;352;;
Anykščiai d. mun.;1998;347;;
Anykščiai d. mun.;1999;358;;
Anykščiai d. mun.;2000;336;171;165
Anykščiai d. mun.;2001;272;147;125
Anykščiai d. mun.;2002;239;109;130
Anykščiai d. mun.;2003;252;123;129
Anykščiai d. mun.;2004;287;156;131
Anykščiai d. mun.;2005;253;117;136
Anykščiai d. mun.;2006;217;118;99
Anykščiai d. mun.;2007;195;104;91
Anykščiai d. mun.;2008;239;119;120
Anykščiai d. mun.;2009;172;90;82
Anykščiai d. mun.;2010;202;106;96
Anykščiai d. mun.;2011;177;92;85
Anykščiai d. mun.;2012;184;103;81
Anykščiai d. mun.;2013;213;113;100
Anykščiai d. mun.;2014;210;118;92
Anykščiai d. mun.;2015;189;102;87
Anykščiai d. mun.;2016;201;116;85
Anykščiai d. mun.;2017;168;87;81
Ignalina d. mun.;1994;236;;
Ignalina d. mun.;1995;275;;
Ignalina d. mun.;1996;185;;
Ignalina d. mun.;1997;206;;
Ignalina d. mun.;1998;221;;
Ignalina d. mun.;1999;206;;
Ignalina d. mun.;2000;208;111;97
Ignalina d. mun.;2001;173;87;86
Ignalina d. mun.;2002;179;93;86
Ignalina d. mun.;2003;166;99;67
Ignalina d. mun.;2004;163;93;70
Ignalina d. mun.;2005;159;80;79
Ignalina d. mun.;2006;139;65;74
Ignalina d. mun.;2007;124;66;58
Ignalina d. mun.;2008;161;75;86
Ignalina d. mun.;2009;138;74;64
Ignalina d. mun.;2010;132;69;63
Ignalina d. mun.;2011;129;62;67
Ignalina d. mun.;2012;127;61;66
Ignalina d. mun.;2013;133;67;66
Ignalina d. mun.;2014;112;64;48
Ignalina d. mun.;2015;130;71;59
Ignalina d. mun.;2016;111;71;40
Ignalina d. mun.;2017;108;55;53
Molėtai d. mun.;1994;318;;
Molėtai d. mun.;1995;274;;
Molėtai d. mun.;1996;290;;
Molėtai d. mun.;1997;263;;
Molėtai d. mun.;1998;255;;
Molėtai d. mun.;1999;254;;
Molėtai d. mun.;2000;237;127;110
Molėtai d. mun.;2001;223;117;106
Molėtai d. mun.;2002;195;85;110
Molėtai d. mun.;2003;173;91;82
Molėtai d. mun.;2004;192;86;106
Molėtai d. mun.;2005;197;104;93
Molėtai d. mun.;2006;173;88;85
Molėtai d. mun.;2007;159;87;72
Molėtai d. mun.;2008;158;85;73
Molėtai d. mun.;2009;179;84;95
Molėtai d. mun.;2010;180;91;89
Molėtai d. mun.;2011;166;84;82
Molėtai d. mun.;2012;140;70;70
Molėtai d. mun.;2013;134;57;77
Molėtai d. mun.;2014;143;74;69
Molėtai d. mun.;2015;160;80;80
Molėtai d. mun.;2016;129;69;60
Molėtai d. mun.;2017;126;71;55
Utena d. mun.;1994;558;;
Utena d. mun.;1995;563;;
Utena d. mun.;1996;509;;
Utena d. mun.;1997;509;;
Utena d. mun.;1998;458;;
Utena d. mun.;1999;494;;
Utena d. mun.;2000;409;213;196
Utena d. mun.;2001;397;195;202
Utena d. mun.;2002;328;166;162
Utena d. mun.;2003;354;187;167
Utena d. mun.;2004;329;166;163
Utena d. mun.;2005;325;163;162
Utena d. mun.;2006;360;183;177
Utena d. mun.;2007;375;187;188
Utena d. mun.;2008;385;198;187
Utena d. mun.;2009;375;195;180
Utena d. mun.;2010;322;163;159
Utena d. mun.;2011;319;173;146
Utena d. mun.;2012;323;156;167
Utena d. mun.;2013;308;168;140
Utena d. mun.;2014;297;163;134
Utena d. mun.;2015;322;169;153
Utena d. mun.;2016;320;159;161
Utena d. mun.;2017;281;156;125
Visaginas mun.;1994;288;;
Visaginas mun.;1995;289;;
Visaginas mun.;1996;283;;
Visaginas mun.;1997;236;;
Visaginas mun.;1998;215;;
Visaginas mun.;1999;242;;
Visaginas mun.;2000;221;131;90
Visaginas mun.;2001;232;137;95
Visaginas mun.;2002;177;83;94
Visaginas mun.;2003;214;118;96
Visaginas mun.;2004;211;108;103
Visaginas mun.;2005;216;118;98
Visaginas mun.;2006;237;120;117
Visaginas mun.;2007;237;138;99
Visaginas mun.;2008;242;128;114
Visaginas mun.;2009;249;121;128
Visaginas mun.;2010;209;102;107
Visaginas mun.;2011;201;97;104
Visaginas mun.;2012;215;115;100
Visaginas mun.;2013;200;99;101
Visaginas mun.;2014;239;136;103
Visaginas mun.;2015;214;94;120
Visaginas mun.;2016;185;94;91
Visaginas mun.;2017;180;84;96
Zarasai d. mun.;1994;249;;
Zarasai d. mun.;1995;230;;
Zarasai d. mun.;1996;231;;
Zarasai d. mun.;1997;223;;
Zarasai d. mun.;1998;223;;
Zarasai d. mun.;1999;222;;
Zarasai d. mun.;2000;237;125;112
Zarasai d. mun.;2001;202;98;104
Zarasai d. mun.;2002;187;99;88
Zarasai d. mun.;2003;175;93;82
Zarasai d. mun.;2004;162;87;75
Zarasai d. mun.;2005;181;91;90
Zarasai d. mun.;2006;180;97;83
Zarasai d. mun.;2007;146;68;78
Zarasai d. mun.;2008;161;88;73
Zarasai d. mun.;2009;167;89;78
Zarasai d. mun.;2010;143;69;74
Zarasai d. mun.;2011;145;89;56
Zarasai d. mun.;2012;172;93;79
Zarasai d. mun.;2013;132;63;69
Zarasai d. mun.;2014;151;68;83
Zarasai d. mun.;2015;120;60;60
Zarasai d. mun.;2016;145;73;72
Zarasai d. mun.;2017;122;59;63
