Republic of Lithuania;1994;23337;11061
Republic of Lithuania;1995;22150;10221
Republic of Lithuania;1996;20433;11311
Republic of Lithuania;1997;18796;11371
Republic of Lithuania;1998;18486;11752
Republic of Lithuania;1999;17868;11390
Republic of Lithuania;2000;16906;10882
Republic of Lithuania;2001;15764;11024
Republic of Lithuania;2002;16151;10579
Republic of Lithuania;2003;16975;10599
Republic of Lithuania;2004;19130;10997
Republic of Lithuania;2005;19938;11097
Republic of Lithuania;2006;21246;11202
Republic of Lithuania;2007;23065;11336
Republic of Lithuania;2008;24063;10317
Republic of Lithuania;2009;20542;9270
Republic of Lithuania;2010;18688;10006
Republic of Lithuania;2011;19221;10341
Republic of Lithuania;2012;20660;10399
Republic of Lithuania;2013;20469;9974
Republic of Lithuania;2014;22142;9806
Republic of Lithuania;2015;21987;9371
Republic of Lithuania;2016;21347;8879
Republic of Lithuania;2017;21186;8518
Vilnius county;1994;5658;2619
Vilnius county;1995;5360;2337
Vilnius county;1996;4869;2570
Vilnius county;1997;4575;2613
Vilnius county;1998;4536;2763
Vilnius county;1999;4571;2655
Vilnius county;2000;4475;2625
Vilnius county;2001;4175;2593
Vilnius county;2002;4392;2410
Vilnius county;2003;4604;2435
Vilnius county;2004;4941;2652
Vilnius county;2005;5386;2530
Vilnius county;2006;5663;2641
Vilnius county;2007;6277;2808
Vilnius county;2008;6687;2734
Vilnius county;2009;6288;2345
Vilnius county;2010;5530;2457
Vilnius county;2011;5870;2601
Vilnius county;2012;6220;2790
Vilnius county;2013;6117;2699
Vilnius county;2014;6794;2637
Vilnius county;2015;6768;2500
Vilnius county;2016;6724;2417
Vilnius county;2017;6662;2304
Elektrėnai mun.;1994;;
Elektrėnai mun.;1995;;
Elektrėnai mun.;1996;;
Elektrėnai mun.;1997;;
Elektrėnai mun.;1998;;
Elektrėnai mun.;1999;;
Elektrėnai mun.;2000;116;67
Elektrėnai mun.;2001;119;72
Elektrėnai mun.;2002;122;47
Elektrėnai mun.;2003;138;29
Elektrėnai mun.;2004;148;86
Elektrėnai mun.;2005;180;81
Elektrėnai mun.;2006;176;84
Elektrėnai mun.;2007;202;90
Elektrėnai mun.;2008;190;92
Elektrėnai mun.;2009;158;69
Elektrėnai mun.;2010;140;98
Elektrėnai mun.;2011;154;87
Elektrėnai mun.;2012;156;89
Elektrėnai mun.;2013;148;91
Elektrėnai mun.;2014;171;82
Elektrėnai mun.;2015;187;89
Elektrėnai mun.;2016;162;71
Elektrėnai mun.;2017;181;75
Šalčininkai d. mun.;1994;254;83
Šalčininkai d. mun.;1995;268;80
Šalčininkai d. mun.;1996;231;105
Šalčininkai d. mun.;1997;201;118
Šalčininkai d. mun.;1998;232;92
Šalčininkai d. mun.;1999;202;107
Šalčininkai d. mun.;2000;201;96
Šalčininkai d. mun.;2001;217;85
Šalčininkai d. mun.;2002;171;63
Šalčininkai d. mun.;2003;204;67
Šalčininkai d. mun.;2004;241;68
Šalčininkai d. mun.;2005;252;95
Šalčininkai d. mun.;2006;258;96
Šalčininkai d. mun.;2007;292;88
Šalčininkai d. mun.;2008;308;100
Šalčininkai d. mun.;2009;229;94
Šalčininkai d. mun.;2010;201;87
Šalčininkai d. mun.;2011;257;97
Šalčininkai d. mun.;2012;256;94
Šalčininkai d. mun.;2013;215;114
Šalčininkai d. mun.;2014;259;92
Šalčininkai d. mun.;2015;254;98
Šalčininkai d. mun.;2016;249;92
Šalčininkai d. mun.;2017;263;74
Širvintos d. mun.;1994;102;50
Širvintos d. mun.;1995;122;28
Širvintos d. mun.;1996;99;46
Širvintos d. mun.;1997;122;52
Širvintos d. mun.;1998;75;44
Širvintos d. mun.;1999;87;40
Širvintos d. mun.;2000;72;41
Širvintos d. mun.;2001;68;49
Širvintos d. mun.;2002;77;45
Širvintos d. mun.;2003;77;34
Širvintos d. mun.;2004;119;48
Širvintos d. mun.;2005;80;63
Širvintos d. mun.;2006;113;46
Širvintos d. mun.;2007;132;56
Širvintos d. mun.;2008;143;49
Širvintos d. mun.;2009;105;39
Širvintos d. mun.;2010;87;49
Širvintos d. mun.;2011;106;48
Širvintos d. mun.;2012;95;64
Širvintos d. mun.;2013;98;45
Širvintos d. mun.;2014;103;54
Širvintos d. mun.;2015;129;54
Širvintos d. mun.;2016;90;46
Širvintos d. mun.;2017;92;45
Švenčionys d. mun.;1994;192;76
Švenčionys d. mun.;1995;178;74
Švenčionys d. mun.;1996;185;89
Švenčionys d. mun.;1997;152;80
Švenčionys d. mun.;1998;140;105
Švenčionys d. mun.;1999;152;114
Švenčionys d. mun.;2000;142;82
Švenčionys d. mun.;2001;124;55
Švenčionys d. mun.;2002;124;60
Švenčionys d. mun.;2003;143;61
Švenčionys d. mun.;2004;140;80
Švenčionys d. mun.;2005;150;90
Švenčionys d. mun.;2006;168;99
Švenčionys d. mun.;2007;191;83
Švenčionys d. mun.;2008;184;78
Švenčionys d. mun.;2009;170;72
Švenčionys d. mun.;2010;135;60
Švenčionys d. mun.;2011;150;65
Švenčionys d. mun.;2012;153;75
Švenčionys d. mun.;2013;146;79
Švenčionys d. mun.;2014;174;76
Švenčionys d. mun.;2015;168;73
Švenčionys d. mun.;2016;150;76
Švenčionys d. mun.;2017;148;70
Trakai d. mun.;1994;479;176
Trakai d. mun.;1995;434;199
Trakai d. mun.;1996;398;248
Trakai d. mun.;1997;399;238
Trakai d. mun.;1998;391;228
Trakai d. mun.;1999;382;229
Trakai d. mun.;2000;206;127
Trakai d. mun.;2001;186;130
Trakai d. mun.;2002;158;104
Trakai d. mun.;2003;161;141
Trakai d. mun.;2004;204;89
Trakai d. mun.;2005;205;103
Trakai d. mun.;2006;229;110
Trakai d. mun.;2007;247;132
Trakai d. mun.;2008;243;102
Trakai d. mun.;2009;228;82
Trakai d. mun.;2010;175;68
Trakai d. mun.;2011;219;91
Trakai d. mun.;2012;242;118
Trakai d. mun.;2013;241;110
Trakai d. mun.;2014;245;110
Trakai d. mun.;2015;251;103
Trakai d. mun.;2016;235;126
Trakai d. mun.;2017;233;63
Ukmergė d. mun.;1994;334;152
Ukmergė d. mun.;1995;292;105
Ukmergė d. mun.;1996;250;130
Ukmergė d. mun.;1997;257;142
Ukmergė d. mun.;1998;231;164
Ukmergė d. mun.;1999;190;151
Ukmergė d. mun.;2000;229;134
Ukmergė d. mun.;2001;191;119
Ukmergė d. mun.;2002;171;135
Ukmergė d. mun.;2003;194;144
Ukmergė d. mun.;2004;234;147
Ukmergė d. mun.;2005;232;137
Ukmergė d. mun.;2006;247;166
Ukmergė d. mun.;2007;281;137
Ukmergė d. mun.;2008;285;125
Ukmergė d. mun.;2009;225;110
Ukmergė d. mun.;2010;215;122
Ukmergė d. mun.;2011;197;120
Ukmergė d. mun.;2012;200;149
Ukmergė d. mun.;2013;264;127
Ukmergė d. mun.;2014;266;121
Ukmergė d. mun.;2015;247;133
Ukmergė d. mun.;2016;248;107
Ukmergė d. mun.;2017;196;87
Vilnius c. mun.;1994;3732;1865
Vilnius c. mun.;1995;3569;1663
Vilnius c. mun.;1996;3211;1759
Vilnius c. mun.;1997;2992;1779
Vilnius c. mun.;1998;2994;1925
Vilnius c. mun.;1999;3078;1863
Vilnius c. mun.;2000;3103;1907
Vilnius c. mun.;2001;2881;1861
Vilnius c. mun.;2002;3180;1774
Vilnius c. mun.;2003;3308;1788
Vilnius c. mun.;2004;3388;1884
Vilnius c. mun.;2005;3737;1718
Vilnius c. mun.;2006;3793;1799
Vilnius c. mun.;2007;4286;1924
Vilnius c. mun.;2008;4618;1898
Vilnius c. mun.;2009;4540;1654
Vilnius c. mun.;2010;4063;1693
Vilnius c. mun.;2011;4241;1828
Vilnius c. mun.;2012;4507;1921
Vilnius c. mun.;2013;4411;1862
Vilnius c. mun.;2014;4875;1822
Vilnius c. mun.;2015;4881;1684
Vilnius c. mun.;2016;4961;1649
Vilnius c. mun.;2017;4906;1639
Vilnius d. mun.;1994;565;217
Vilnius d. mun.;1995;497;188
Vilnius d. mun.;1996;495;193
Vilnius d. mun.;1997;452;204
Vilnius d. mun.;1998;473;205
Vilnius d. mun.;1999;480;151
Vilnius d. mun.;2000;406;171
Vilnius d. mun.;2001;389;222
Vilnius d. mun.;2002;389;182
Vilnius d. mun.;2003;379;171
Vilnius d. mun.;2004;467;250
Vilnius d. mun.;2005;550;243
Vilnius d. mun.;2006;679;241
Vilnius d. mun.;2007;646;298
Vilnius d. mun.;2008;716;290
Vilnius d. mun.;2009;633;225
Vilnius d. mun.;2010;514;280
Vilnius d. mun.;2011;546;265
Vilnius d. mun.;2012;611;280
Vilnius d. mun.;2013;594;271
Vilnius d. mun.;2014;701;280
Vilnius d. mun.;2015;651;266
Vilnius d. mun.;2016;629;250
Vilnius d. mun.;2017;643;251
Alytus county;1994;1277;499
Alytus county;1995;1163;500
Alytus county;1996;1166;554
Alytus county;1997;1057;583
Alytus county;1998;1100;527
Alytus county;1999;1057;521
Alytus county;2000;926;567
Alytus county;2001;849;543
Alytus county;2002;791;485
Alytus county;2003;839;554
Alytus county;2004;902;577
Alytus county;2005;1017;629
Alytus county;2006;1081;624
Alytus county;2007;1128;578
Alytus county;2008;1128;534
Alytus county;2009;962;495
Alytus county;2010;866;530
Alytus county;2011;886;534
Alytus county;2012;979;519
Alytus county;2013;959;447
Alytus county;2014;990;446
Alytus county;2015;958;423
Alytus county;2016;975;426
Alytus county;2017;925;437
Alytus t. mun.;1994;537;276
Alytus t. mun.;1995;513;249
Alytus t. mun.;1996;498;288
Alytus t. mun.;1997;460;282
Alytus t. mun.;1998;482;217
Alytus t. mun.;1999;454;282
Alytus t. mun.;2000;391;298
Alytus t. mun.;2001;342;291
Alytus t. mun.;2002;336;280
Alytus t. mun.;2003;387;321
Alytus t. mun.;2004;341;278
Alytus t. mun.;2005;417;307
Alytus t. mun.;2006;436;285
Alytus t. mun.;2007;456;270
Alytus t. mun.;2008;453;215
Alytus t. mun.;2009;390;197
Alytus t. mun.;2010;354;217
Alytus t. mun.;2011;335;226
Alytus t. mun.;2012;341;234
Alytus t. mun.;2013;347;185
Alytus t. mun.;2014;349;182
Alytus t. mun.;2015;363;144
Alytus t. mun.;2016;370;155
Alytus t. mun.;2017;358;153
Alytus d. mun.;1994;208;42
Alytus d. mun.;1995;171;43
Alytus d. mun.;1996;202;51
Alytus d. mun.;1997;161;50
Alytus d. mun.;1998;181;82
Alytus d. mun.;1999;181;49
Alytus d. mun.;2000;165;50
Alytus d. mun.;2001;156;55
Alytus d. mun.;2002;130;48
Alytus d. mun.;2003;127;57
Alytus d. mun.;2004;163;83
Alytus d. mun.;2005;176;99
Alytus d. mun.;2006;163;108
Alytus d. mun.;2007;211;96
Alytus d. mun.;2008;201;94
Alytus d. mun.;2009;177;80
Alytus d. mun.;2010;157;76
Alytus d. mun.;2011;153;98
Alytus d. mun.;2012;188;82
Alytus d. mun.;2013;162;69
Alytus d. mun.;2014;204;82
Alytus d. mun.;2015;170;77
Alytus d. mun.;2016;188;85
Alytus d. mun.;2017;186;90
Druskininkai mun.;1994;96;42
Druskininkai mun.;1995;88;59
Druskininkai mun.;1996;86;66
Druskininkai mun.;1997;96;80
Druskininkai mun.;1998;92;67
Druskininkai mun.;1999;101;63
Druskininkai mun.;2000;86;83
Druskininkai mun.;2001;106;73
Druskininkai mun.;2002;104;65
Druskininkai mun.;2003;95;71
Druskininkai mun.;2004;135;69
Druskininkai mun.;2005;129;78
Druskininkai mun.;2006;153;76
Druskininkai mun.;2007;147;66
Druskininkai mun.;2008;181;82
Druskininkai mun.;2009;130;81
Druskininkai mun.;2010;113;91
Druskininkai mun.;2011;128;70
Druskininkai mun.;2012;137;67
Druskininkai mun.;2013;167;69
Druskininkai mun.;2014;153;66
Druskininkai mun.;2015;155;58
Druskininkai mun.;2016;144;63
Druskininkai mun.;2017;138;74
Lazdijai d. mun.;1994;203;44
Lazdijai d. mun.;1995;183;46
Lazdijai d. mun.;1996;192;54
Lazdijai d. mun.;1997;148;74
Lazdijai d. mun.;1998;178;52
Lazdijai d. mun.;1999;146;65
Lazdijai d. mun.;2000;146;55
Lazdijai d. mun.;2001;135;43
Lazdijai d. mun.;2002;93;43
Lazdijai d. mun.;2003;114;53
Lazdijai d. mun.;2004;132;68
Lazdijai d. mun.;2005;141;61
Lazdijai d. mun.;2006;146;66
Lazdijai d. mun.;2007;132;80
Lazdijai d. mun.;2008;136;55
Lazdijai d. mun.;2009;128;58
Lazdijai d. mun.;2010;120;58
Lazdijai d. mun.;2011;130;55
Lazdijai d. mun.;2012;150;62
Lazdijai d. mun.;2013;133;49
Lazdijai d. mun.;2014;129;60
Lazdijai d. mun.;2015;136;73
Lazdijai d. mun.;2016;125;53
Lazdijai d. mun.;2017;121;45
Varėna d. mun.;1994;233;95
Varėna d. mun.;1995;208;103
Varėna d. mun.;1996;188;95
Varėna d. mun.;1997;192;97
Varėna d. mun.;1998;167;109
Varėna d. mun.;1999;175;62
Varėna d. mun.;2000;138;81
Varėna d. mun.;2001;110;81
Varėna d. mun.;2002;128;49
Varėna d. mun.;2003;116;52
Varėna d. mun.;2004;131;79
Varėna d. mun.;2005;154;84
Varėna d. mun.;2006;183;89
Varėna d. mun.;2007;182;66
Varėna d. mun.;2008;157;88
Varėna d. mun.;2009;137;79
Varėna d. mun.;2010;122;88
Varėna d. mun.;2011;140;85
Varėna d. mun.;2012;163;74
Varėna d. mun.;2013;150;75
Varėna d. mun.;2014;155;56
Varėna d. mun.;2015;134;71
Varėna d. mun.;2016;148;70
Varėna d. mun.;2017;122;75
Kaunas county;1994;4920;2214
Kaunas county;1995;4661;2062
Kaunas county;1996;4306;2310
Kaunas county;1997;3916;2310
Kaunas county;1998;3913;2415
Kaunas county;1999;3731;2329
Kaunas county;2000;3614;2283
Kaunas county;2001;3379;2341
Kaunas county;2002;3532;2273
Kaunas county;2003;3663;2270
Kaunas county;2004;4072;2198
Kaunas county;2005;4149;2298
Kaunas county;2006;4375;2307
Kaunas county;2007;4665;2369
Kaunas county;2008;4734;2113
Kaunas county;2009;3938;1842
Kaunas county;2010;3631;1989
Kaunas county;2011;3628;2093
Kaunas county;2012;3798;1984
Kaunas county;2013;3723;1994
Kaunas county;2014;4072;2010
Kaunas county;2015;4018;1940
Kaunas county;2016;3949;1719
Kaunas county;2017;3926;1722
Birštonas mun.;1994;25;7
Birštonas mun.;1995;17;6
Birštonas mun.;1996;11;
Birštonas mun.;1997;13;10
Birštonas mun.;1998;13;10
Birštonas mun.;1999;15;5
Birštonas mun.;2000;17;8
Birštonas mun.;2001;22;16
Birštonas mun.;2002;20;8
Birštonas mun.;2003;23;20
Birštonas mun.;2004;25;15
Birštonas mun.;2005;28;9
Birštonas mun.;2006;23;14
Birštonas mun.;2007;27;18
Birštonas mun.;2008;23;15
Birštonas mun.;2009;30;13
Birštonas mun.;2010;28;17
Birštonas mun.;2011;32;20
Birštonas mun.;2012;28;18
Birštonas mun.;2013;34;16
Birštonas mun.;2014;26;15
Birštonas mun.;2015;36;14
Birštonas mun.;2016;40;12
Birštonas mun.;2017;27;10
Jonava d. mun.;1994;291;193
Jonava d. mun.;1995;331;141
Jonava d. mun.;1996;330;205
Jonava d. mun.;1997;289;202
Jonava d. mun.;1998;259;230
Jonava d. mun.;1999;238;200
Jonava d. mun.;2000;241;179
Jonava d. mun.;2001;254;241
Jonava d. mun.;2002;208;252
Jonava d. mun.;2003;275;205
Jonava d. mun.;2004;308;166
Jonava d. mun.;2005;320;182
Jonava d. mun.;2006;340;200
Jonava d. mun.;2007;315;173
Jonava d. mun.;2008;399;189
Jonava d. mun.;2009;276;154
Jonava d. mun.;2010;272;175
Jonava d. mun.;2011;294;211
Jonava d. mun.;2012;282;181
Jonava d. mun.;2013;298;205
Jonava d. mun.;2014;362;165
Jonava d. mun.;2015;347;173
Jonava d. mun.;2016;325;131
Jonava d. mun.;2017;331;136
Kaišiadorys d. mun.;1994;299;100
Kaišiadorys d. mun.;1995;303;111
Kaišiadorys d. mun.;1996;323;100
Kaišiadorys d. mun.;1997;275;92
Kaišiadorys d. mun.;1998;286;89
Kaišiadorys d. mun.;1999;244;87
Kaišiadorys d. mun.;2000;218;93
Kaišiadorys d. mun.;2001;182;78
Kaišiadorys d. mun.;2002;186;76
Kaišiadorys d. mun.;2003;169;76
Kaišiadorys d. mun.;2004;187;90
Kaišiadorys d. mun.;2005;203;104
Kaišiadorys d. mun.;2006;242;94
Kaišiadorys d. mun.;2007;261;111
Kaišiadorys d. mun.;2008;229;112
Kaišiadorys d. mun.;2009;194;96
Kaišiadorys d. mun.;2010;199;100
Kaišiadorys d. mun.;2011;191;136
Kaišiadorys d. mun.;2012;183;102
Kaišiadorys d. mun.;2013;192;107
Kaišiadorys d. mun.;2014;190;139
Kaišiadorys d. mun.;2015;198;102
Kaišiadorys d. mun.;2016;176;104
Kaišiadorys d. mun.;2017;192;82
Kaunas c. mun.;1994;2890;1377
Kaunas c. mun.;1995;2607;1257
Kaunas c. mun.;1996;2310;1369
Kaunas c. mun.;1997;2189;1372
Kaunas c. mun.;1998;2226;1411
Kaunas c. mun.;1999;2089;1397
Kaunas c. mun.;2000;2086;1353
Kaunas c. mun.;2001;1955;1406
Kaunas c. mun.;2002;2132;1382
Kaunas c. mun.;2003;2152;1412
Kaunas c. mun.;2004;2357;1262
Kaunas c. mun.;2005;2406;1333
Kaunas c. mun.;2006;2386;1265
Kaunas c. mun.;2007;2631;1351
Kaunas c. mun.;2008;2635;1119
Kaunas c. mun.;2009;2188;964
Kaunas c. mun.;2010;1983;1026
Kaunas c. mun.;2011;1949;1052
Kaunas c. mun.;2012;1993;1016
Kaunas c. mun.;2013;1918;1003
Kaunas c. mun.;2014;2076;1044
Kaunas c. mun.;2015;2055;997
Kaunas c. mun.;2016;2073;875
Kaunas c. mun.;2017;2023;913
Kaunas d. mun.;1994;521;186
Kaunas d. mun.;1995;524;194
Kaunas d. mun.;1996;558;248
Kaunas d. mun.;1997;448;216
Kaunas d. mun.;1998;412;231
Kaunas d. mun.;1999;386;205
Kaunas d. mun.;2000;372;200
Kaunas d. mun.;2001;413;158
Kaunas d. mun.;2002;399;186
Kaunas d. mun.;2003;420;198
Kaunas d. mun.;2004;478;263
Kaunas d. mun.;2005;477;257
Kaunas d. mun.;2006;526;309
Kaunas d. mun.;2007;563;264
Kaunas d. mun.;2008;583;273
Kaunas d. mun.;2009;569;243
Kaunas d. mun.;2010;490;246
Kaunas d. mun.;2011;497;282
Kaunas d. mun.;2012;557;259
Kaunas d. mun.;2013;572;251
Kaunas d. mun.;2014;648;269
Kaunas d. mun.;2015;621;286
Kaunas d. mun.;2016;611;263
Kaunas d. mun.;2017;643;267
Kėdainiai d. mun.;1994;422;171
Kėdainiai d. mun.;1995;409;204
Kėdainiai d. mun.;1996;338;213
Kėdainiai d. mun.;1997;295;213
Kėdainiai d. mun.;1998;297;233
Kėdainiai d. mun.;1999;342;217
Kėdainiai d. mun.;2000;291;228
Kėdainiai d. mun.;2001;231;238
Kėdainiai d. mun.;2002;254;189
Kėdainiai d. mun.;2003;299;183
Kėdainiai d. mun.;2004;355;210
Kėdainiai d. mun.;2005;346;196
Kėdainiai d. mun.;2006;389;190
Kėdainiai d. mun.;2007;422;237
Kėdainiai d. mun.;2008;398;202
Kėdainiai d. mun.;2009;326;173
Kėdainiai d. mun.;2010;318;202
Kėdainiai d. mun.;2011;310;191
Kėdainiai d. mun.;2012;328;210
Kėdainiai d. mun.;2013;353;196
Kėdainiai d. mun.;2014;348;183
Kėdainiai d. mun.;2015;357;169
Kėdainiai d. mun.;2016;335;136
Kėdainiai d. mun.;2017;303;165
Prienai d. mun.;1994;201;73
Prienai d. mun.;1995;182;55
Prienai d. mun.;1996;183;71
Prienai d. mun.;1997;174;82
Prienai d. mun.;1998;193;92
Prienai d. mun.;1999;175;92
Prienai d. mun.;2000;169;92
Prienai d. mun.;2001;136;80
Prienai d. mun.;2002;147;71
Prienai d. mun.;2003;148;69
Prienai d. mun.;2004;151;72
Prienai d. mun.;2005;192;83
Prienai d. mun.;2006;222;112
Prienai d. mun.;2007;208;91
Prienai d. mun.;2008;194;93
Prienai d. mun.;2009;154;81
Prienai d. mun.;2010;155;111
Prienai d. mun.;2011;158;85
Prienai d. mun.;2012;185;83
Prienai d. mun.;2013;157;116
Prienai d. mun.;2014;196;92
Prienai d. mun.;2015;186;91
Prienai d. mun.;2016;192;97
Prienai d. mun.;2017;184;68
Raseiniai d. mun.;1994;271;107
Raseiniai d. mun.;1995;288;94
Raseiniai d. mun.;1996;253;104
Raseiniai d. mun.;1997;233;123
Raseiniai d. mun.;1998;227;119
Raseiniai d. mun.;1999;242;126
Raseiniai d. mun.;2000;220;130
Raseiniai d. mun.;2001;186;124
Raseiniai d. mun.;2002;186;109
Raseiniai d. mun.;2003;177;107
Raseiniai d. mun.;2004;211;120
Raseiniai d. mun.;2005;177;134
Raseiniai d. mun.;2006;247;123
Raseiniai d. mun.;2007;238;124
Raseiniai d. mun.;2008;273;110
Raseiniai d. mun.;2009;201;118
Raseiniai d. mun.;2010;186;112
Raseiniai d. mun.;2011;197;116
Raseiniai d. mun.;2012;242;115
Raseiniai d. mun.;2013;199;100
Raseiniai d. mun.;2014;226;103
Raseiniai d. mun.;2015;218;108
Raseiniai d. mun.;2016;197;101
Raseiniai d. mun.;2017;223;81
Klaipėda county;1994;2631;1508
Klaipėda county;1995;2518;1364
Klaipėda county;1996;2378;1562
Klaipėda county;1997;2158;1426
Klaipėda county;1998;2148;1500
Klaipėda county;1999;2022;1481
Klaipėda county;2000;1938;1265
Klaipėda county;2001;1886;1382
Klaipėda county;2002;1792;1279
Klaipėda county;2003;2100;1352
Klaipėda county;2004;2304;1291
Klaipėda county;2005;2340;1440
Klaipėda county;2006;2523;1402
Klaipėda county;2007;2792;1372
Klaipėda county;2008;2953;1171
Klaipėda county;2009;2475;1041
Klaipėda county;2010;2291;1099
Klaipėda county;2011;2300;1220
Klaipėda county;2012;2431;1173
Klaipėda county;2013;2527;1142
Klaipėda county;2014;2673;1182
Klaipėda county;2015;2636;1130
Klaipėda county;2016;2477;1081
Klaipėda county;2017;2531;1095
Klaipėda c. mun.;1994;1408;875
Klaipėda c. mun.;1995;1249;753
Klaipėda c. mun.;1996;1178;892
Klaipėda c. mun.;1997;1092;759
Klaipėda c. mun.;1998;1036;847
Klaipėda c. mun.;1999;1055;864
Klaipėda c. mun.;2000;997;687
Klaipėda c. mun.;2001;1084;832
Klaipėda c. mun.;2002;1002;745
Klaipėda c. mun.;2003;1110;771
Klaipėda c. mun.;2004;1198;714
Klaipėda c. mun.;2005;1218;814
Klaipėda c. mun.;2006;1380;769
Klaipėda c. mun.;2007;1444;735
Klaipėda c. mun.;2008;1464;619
Klaipėda c. mun.;2009;1273;541
Klaipėda c. mun.;2010;1212;546
Klaipėda c. mun.;2011;1180;636
Klaipėda c. mun.;2012;1189;624
Klaipėda c. mun.;2013;1196;556
Klaipėda c. mun.;2014;1279;617
Klaipėda c. mun.;2015;1257;571
Klaipėda c. mun.;2016;1236;570
Klaipėda c. mun.;2017;1230;531
Klaipėda d. mun.;1994;300;154
Klaipėda d. mun.;1995;290;116
Klaipėda d. mun.;1996;272;128
Klaipėda d. mun.;1997;218;140
Klaipėda d. mun.;1998;268;114
Klaipėda d. mun.;1999;259;141
Klaipėda d. mun.;2000;238;154
Klaipėda d. mun.;2001;205;153
Klaipėda d. mun.;2002;204;121
Klaipėda d. mun.;2003;228;111
Klaipėda d. mun.;2004;282;146
Klaipėda d. mun.;2005;269;135
Klaipėda d. mun.;2006;301;165
Klaipėda d. mun.;2007;412;167
Klaipėda d. mun.;2008;445;143
Klaipėda d. mun.;2009;325;113
Klaipėda d. mun.;2010;295;129
Klaipėda d. mun.;2011;299;170
Klaipėda d. mun.;2012;343;173
Klaipėda d. mun.;2013;373;180
Klaipėda d. mun.;2014;417;188
Klaipėda d. mun.;2015;427;166
Klaipėda d. mun.;2016;409;170
Klaipėda d. mun.;2017;409;190
Kretinga d. mun.;1994;280;122
Kretinga d. mun.;1995;269;118
Kretinga d. mun.;1996;275;137
Kretinga d. mun.;1997;237;114
Kretinga d. mun.;1998;252;139
Kretinga d. mun.;1999;211;130
Kretinga d. mun.;2000;228;128
Kretinga d. mun.;2001;207;107
Kretinga d. mun.;2002;188;107
Kretinga d. mun.;2003;242;124
Kretinga d. mun.;2004;260;139
Kretinga d. mun.;2005;278;157
Kretinga d. mun.;2006;270;142
Kretinga d. mun.;2007;302;154
Kretinga d. mun.;2008;305;123
Kretinga d. mun.;2009;258;129
Kretinga d. mun.;2010;240;127
Kretinga d. mun.;2011;235;114
Kretinga d. mun.;2012;249;120
Kretinga d. mun.;2013;267;119
Kretinga d. mun.;2014;301;117
Kretinga d. mun.;2015;254;115
Kretinga d. mun.;2016;246;109
Kretinga d. mun.;2017;276;102
Neringa mun.;1994;16;10
Neringa mun.;1995;18;5
Neringa mun.;1996;15;4
Neringa mun.;1997;12;2
Neringa mun.;1998;15;5
Neringa mun.;1999;12;5
Neringa mun.;2000;17;4
Neringa mun.;2001;12;3
Neringa mun.;2002;14;4
Neringa mun.;2003;20;6
Neringa mun.;2004;23;4
Neringa mun.;2005;23;24
Neringa mun.;2006;22;15
Neringa mun.;2007;19;16
Neringa mun.;2008;37;14
Neringa mun.;2009;42;13
Neringa mun.;2010;33;16
Neringa mun.;2011;39;23
Neringa mun.;2012;40;12
Neringa mun.;2013;41;18
Neringa mun.;2014;41;18
Neringa mun.;2015;43;23
Neringa mun.;2016;39;17
Neringa mun.;2017;43;16
Palanga t. mun.;1994;116;89
Palanga t. mun.;1995;128;86
Palanga t. mun.;1996;116;87
Palanga t. mun.;1997;88;74
Palanga t. mun.;1998;91;79
Palanga t. mun.;1999;87;85
Palanga t. mun.;2000;94;61
Palanga t. mun.;2001;79;81
Palanga t. mun.;2002;81;77
Palanga t. mun.;2003;102;84
Palanga t. mun.;2004;96;75
Palanga t. mun.;2005;113;63
Palanga t. mun.;2006;107;61
Palanga t. mun.;2007;135;60
Palanga t. mun.;2008;145;62
Palanga t. mun.;2009;129;52
Palanga t. mun.;2010;124;61
Palanga t. mun.;2011;118;44
Palanga t. mun.;2012;130;49
Palanga t. mun.;2013;151;63
Palanga t. mun.;2014;152;55
Palanga t. mun.;2015;144;63
Palanga t. mun.;2016;117;51
Palanga t. mun.;2017;136;54
Skuodas d. mun.;1994;158;54
Skuodas d. mun.;1995;148;43
Skuodas d. mun.;1996;153;68
Skuodas d. mun.;1997;149;84
Skuodas d. mun.;1998;128;66
Skuodas d. mun.;1999;100;70
Skuodas d. mun.;2000;116;64
Skuodas d. mun.;2001;95;57
Skuodas d. mun.;2002;104;80
Skuodas d. mun.;2003;111;71
Skuodas d. mun.;2004;124;63
Skuodas d. mun.;2005;100;63
Skuodas d. mun.;2006;133;79
Skuodas d. mun.;2007;143;72
Skuodas d. mun.;2008;155;61
Skuodas d. mun.;2009;125;63
Skuodas d. mun.;2010;125;64
Skuodas d. mun.;2011;139;70
Skuodas d. mun.;2012;153;55
Skuodas d. mun.;2013;134;69
Skuodas d. mun.;2014;143;58
Skuodas d. mun.;2015;156;41
Skuodas d. mun.;2016;122;41
Skuodas d. mun.;2017;129;55
Šilutė d. mun.;1994;353;204
Šilutė d. mun.;1995;416;243
Šilutė d. mun.;1996;369;246
Šilutė d. mun.;1997;362;253
Šilutė d. mun.;1998;358;250
Šilutė d. mun.;1999;298;186
Šilutė d. mun.;2000;248;167
Šilutė d. mun.;2001;204;149
Šilutė d. mun.;2002;199;145
Šilutė d. mun.;2003;287;185
Šilutė d. mun.;2004;321;150
Šilutė d. mun.;2005;339;184
Šilutė d. mun.;2006;310;171
Šilutė d. mun.;2007;337;168
Šilutė d. mun.;2008;402;149
Šilutė d. mun.;2009;323;130
Šilutė d. mun.;2010;262;156
Šilutė d. mun.;2011;290;163
Šilutė d. mun.;2012;327;140
Šilutė d. mun.;2013;365;137
Šilutė d. mun.;2014;340;129
Šilutė d. mun.;2015;355;151
Šilutė d. mun.;2016;308;123
Šilutė d. mun.;2017;308;147
Marijampolė county;1994;1236;446
Marijampolė county;1995;1250;448
Marijampolė county;1996;1150;503
Marijampolė county;1997;1052;523
Marijampolė county;1998;1005;578
Marijampolė county;1999;1008;548
Marijampolė county;2000;937;548
Marijampolė county;2001;878;536
Marijampolė county;2002;885;572
Marijampolė county;2003;900;506
Marijampolė county;2004;998;576
Marijampolė county;2005;1065;572
Marijampolė county;2006;1114;625
Marijampolė county;2007;1182;567
Marijampolė county;2008;1191;537
Marijampolė county;2009;998;517
Marijampolė county;2010;910;561
Marijampolė county;2011;958;574
Marijampolė county;2012;1020;592
Marijampolė county;2013;1045;543
Marijampolė county;2014;1102;546
Marijampolė county;2015;1128;546
Marijampolė county;2016;1086;477
Marijampolė county;2017;1031;427
Kalvarija mun.;1994;;
Kalvarija mun.;1995;;
Kalvarija mun.;1996;;
Kalvarija mun.;1997;;
Kalvarija mun.;1998;;
Kalvarija mun.;1999;;
Kalvarija mun.;2000;64;30
Kalvarija mun.;2001;51;30
Kalvarija mun.;2002;62;30
Kalvarija mun.;2003;57;32
Kalvarija mun.;2004;65;27
Kalvarija mun.;2005;75;26
Kalvarija mun.;2006;89;27
Kalvarija mun.;2007;88;38
Kalvarija mun.;2008;75;35
Kalvarija mun.;2009;56;31
Kalvarija mun.;2010;56;29
Kalvarija mun.;2011;65;55
Kalvarija mun.;2012;70;45
Kalvarija mun.;2013;74;41
Kalvarija mun.;2014;87;48
Kalvarija mun.;2015;84;36
Kalvarija mun.;2016;78;33
Kalvarija mun.;2017;86;29
Kazlų Rūda mun.;1994;;
Kazlų Rūda mun.;1995;;
Kazlų Rūda mun.;1996;;
Kazlų Rūda mun.;1997;;
Kazlų Rūda mun.;1998;;
Kazlų Rūda mun.;1999;;
Kazlų Rūda mun.;2000;49;25
Kazlų Rūda mun.;2001;62;48
Kazlų Rūda mun.;2002;65;50
Kazlų Rūda mun.;2003;64;41
Kazlų Rūda mun.;2004;86;50
Kazlų Rūda mun.;2005;97;40
Kazlų Rūda mun.;2006;93;54
Kazlų Rūda mun.;2007;107;55
Kazlų Rūda mun.;2008;80;57
Kazlų Rūda mun.;2009;82;42
Kazlų Rūda mun.;2010;65;51
Kazlų Rūda mun.;2011;82;44
Kazlų Rūda mun.;2012;78;47
Kazlų Rūda mun.;2013;76;46
Kazlų Rūda mun.;2014;101;46
Kazlų Rūda mun.;2015;83;39
Kazlų Rūda mun.;2016;87;42
Kazlų Rūda mun.;2017;88;35
Marijampolė mun.;1994;358;150
Marijampolė mun.;1995;326;181
Marijampolė mun.;1996;327;154
Marijampolė mun.;1997;320;189
Marijampolė mun.;1998;303;183
Marijampolė mun.;1999;310;189
Marijampolė mun.;2000;396;248
Marijampolė mun.;2001;386;240
Marijampolė mun.;2002;407;250
Marijampolė mun.;2003;398;216
Marijampolė mun.;2004;388;233
Marijampolė mun.;2005;420;242
Marijampolė mun.;2006;418;252
Marijampolė mun.;2007;448;233
Marijampolė mun.;2008;485;203
Marijampolė mun.;2009;397;217
Marijampolė mun.;2010;369;219
Marijampolė mun.;2011;398;214
Marijampolė mun.;2012;403;235
Marijampolė mun.;2013;426;225
Marijampolė mun.;2014;408;210
Marijampolė mun.;2015;432;222
Marijampolė mun.;2016;418;201
Marijampolė mun.;2017;396;165
Šakiai d. mun.;1994;237;83
Šakiai d. mun.;1995;239;78
Šakiai d. mun.;1996;242;112
Šakiai d. mun.;1997;205;117
Šakiai d. mun.;1998;198;118
Šakiai d. mun.;1999;192;104
Šakiai d. mun.;2000;167;112
Šakiai d. mun.;2001;164;97
Šakiai d. mun.;2002;132;113
Šakiai d. mun.;2003;163;99
Šakiai d. mun.;2004;176;125
Šakiai d. mun.;2005;206;109
Šakiai d. mun.;2006;221;122
Šakiai d. mun.;2007;236;98
Šakiai d. mun.;2008;218;111
Šakiai d. mun.;2009;211;104
Šakiai d. mun.;2010;192;116
Šakiai d. mun.;2011;194;112
Šakiai d. mun.;2012;223;117
Šakiai d. mun.;2013;218;101
Šakiai d. mun.;2014;227;104
Šakiai d. mun.;2015;227;101
Šakiai d. mun.;2016;198;90
Šakiai d. mun.;2017;211;95
Vilkaviškis d. mun.;1994;354;115
Vilkaviškis d. mun.;1995;367;100
Vilkaviškis d. mun.;1996;282;113
Vilkaviškis d. mun.;1997;284;99
Vilkaviškis d. mun.;1998;270;132
Vilkaviškis d. mun.;1999;262;136
Vilkaviškis d. mun.;2000;261;133
Vilkaviškis d. mun.;2001;215;121
Vilkaviškis d. mun.;2002;219;129
Vilkaviškis d. mun.;2003;218;118
Vilkaviškis d. mun.;2004;283;141
Vilkaviškis d. mun.;2005;267;155
Vilkaviškis d. mun.;2006;293;170
Vilkaviškis d. mun.;2007;303;143
Vilkaviškis d. mun.;2008;333;131
Vilkaviškis d. mun.;2009;252;123
Vilkaviškis d. mun.;2010;228;146
Vilkaviškis d. mun.;2011;219;149
Vilkaviškis d. mun.;2012;246;148
Vilkaviškis d. mun.;2013;251;130
Vilkaviškis d. mun.;2014;279;138
Vilkaviškis d. mun.;2015;302;148
Vilkaviškis d. mun.;2016;305;111
Vilkaviškis d. mun.;2017;250;103
Panevėžys county;1994;1955;967
Panevėžys county;1995;1825;951
Panevėžys county;1996;1698;989
Panevėžys county;1997;1516;965
Panevėžys county;1998;1475;961
Panevėžys county;1999;1372;961
Panevėžys county;2000;1340;933
Panevėžys county;2001;1243;886
Panevėžys county;2002;1208;874
Panevėžys county;2003;1198;916
Panevėžys county;2004;1430;925
Panevėžys county;2005;1414;864
Panevėžys county;2006;1479;923
Panevėžys county;2007;1528;948
Panevėžys county;2008;1719;832
Panevėžys county;2009;1401;776
Panevėžys county;2010;1286;862
Panevėžys county;2011;1329;845
Panevėžys county;2012;1552;863
Panevėžys county;2013;1467;740
Panevėžys county;2014;1614;730
Panevėžys county;2015;1594;682
Panevėžys county;2016;1501;678
Panevėžys county;2017;1492;582
Biržai d. mun.;1994;218;101
Biržai d. mun.;1995;218;81
Biržai d. mun.;1996;200;
Biržai d. mun.;1997;213;98
Biržai d. mun.;1998;173;68
Biržai d. mun.;1999;150;107
Biržai d. mun.;2000;144;106
Biržai d. mun.;2001;130;112
Biržai d. mun.;2002;127;110
Biržai d. mun.;2003;134;101
Biržai d. mun.;2004;137;103
Biržai d. mun.;2005;170;101
Biržai d. mun.;2006;145;124
Biržai d. mun.;2007;171;110
Biržai d. mun.;2008;210;106
Biržai d. mun.;2009;143;92
Biržai d. mun.;2010;145;94
Biržai d. mun.;2011;156;84
Biržai d. mun.;2012;182;90
Biržai d. mun.;2013;136;83
Biržai d. mun.;2014;166;78
Biržai d. mun.;2015;174;65
Biržai d. mun.;2016;181;76
Biržai d. mun.;2017;150;69
Kupiškis d. mun.;1994;161;73
Kupiškis d. mun.;1995;133;74
Kupiškis d. mun.;1996;128;68
Kupiškis d. mun.;1997;106;64
Kupiškis d. mun.;1998;114;71
Kupiškis d. mun.;1999;108;74
Kupiškis d. mun.;2000;92;69
Kupiškis d. mun.;2001;89;65
Kupiškis d. mun.;2002;94;67
Kupiškis d. mun.;2003;99;62
Kupiškis d. mun.;2004;122;74
Kupiškis d. mun.;2005;103;72
Kupiškis d. mun.;2006;119;74
Kupiškis d. mun.;2007;127;96
Kupiškis d. mun.;2008;147;69
Kupiškis d. mun.;2009;102;65
Kupiškis d. mun.;2010;93;103
Kupiškis d. mun.;2011;119;75
Kupiškis d. mun.;2012;105;75
Kupiškis d. mun.;2013;126;61
Kupiškis d. mun.;2014;136;68
Kupiškis d. mun.;2015;101;58
Kupiškis d. mun.;2016;104;58
Kupiškis d. mun.;2017;110;37
Panevėžys c. mun.;1994;819;462
Panevėžys c. mun.;1995;767;483
Panevėžys c. mun.;1996;696;542
Panevėžys c. mun.;1997;619;458
Panevėžys c. mun.;1998;600;474
Panevėžys c. mun.;1999;563;471
Panevėžys c. mun.;2000;563;469
Panevėžys c. mun.;2001;523;393
Panevėžys c. mun.;2002;540;431
Panevėžys c. mun.;2003;490;442
Panevėžys c. mun.;2004;620;421
Panevėžys c. mun.;2005;606;382
Panevėžys c. mun.;2006;628;359
Panevėžys c. mun.;2007;647;410
Panevėžys c. mun.;2008;646;335
Panevėžys c. mun.;2009;575;307
Panevėžys c. mun.;2010;526;330
Panevėžys c. mun.;2011;549;333
Panevėžys c. mun.;2012;600;361
Panevėžys c. mun.;2013;622;302
Panevėžys c. mun.;2014;632;288
Panevėžys c. mun.;2015;650;286
Panevėžys c. mun.;2016;611;295
Panevėžys c. mun.;2017;613;246
Panevėžys d. mun.;1994;237;109
Panevėžys d. mun.;1995;243;101
Panevėžys d. mun.;1996;269;97
Panevėžys d. mun.;1997;239;126
Panevėžys d. mun.;1998;225;108
Panevėžys d. mun.;1999;197;126
Panevėžys d. mun.;2000;225;106
Panevėžys d. mun.;2001;191;102
Panevėžys d. mun.;2002;170;96
Panevėžys d. mun.;2003;195;112
Panevėžys d. mun.;2004;239;139
Panevėžys d. mun.;2005;222;123
Panevėžys d. mun.;2006;259;139
Panevėžys d. mun.;2007;235;141
Panevėžys d. mun.;2008;302;134
Panevėžys d. mun.;2009;248;126
Panevėžys d. mun.;2010;210;131
Panevėžys d. mun.;2011;223;150
Panevėžys d. mun.;2012;279;129
Panevėžys d. mun.;2013;228;119
Panevėžys d. mun.;2014;274;118
Panevėžys d. mun.;2015;237;107
Panevėžys d. mun.;2016;229;95
Panevėžys d. mun.;2017;251;88
Pasvalys d. mun.;1994;248;73
Pasvalys d. mun.;1995;179;84
Pasvalys d. mun.;1996;173;61
Pasvalys d. mun.;1997;172;90
Pasvalys d. mun.;1998;151;95
Pasvalys d. mun.;1999;159;83
Pasvalys d. mun.;2000;161;80
Pasvalys d. mun.;2001;148;92
Pasvalys d. mun.;2002;150;77
Pasvalys d. mun.;2003;121;75
Pasvalys d. mun.;2004;145;73
Pasvalys d. mun.;2005;145;82
Pasvalys d. mun.;2006;151;100
Pasvalys d. mun.;2007;173;87
Pasvalys d. mun.;2008;198;80
Pasvalys d. mun.;2009;154;89
Pasvalys d. mun.;2010;144;100
Pasvalys d. mun.;2011;128;84
Pasvalys d. mun.;2012;174;90
Pasvalys d. mun.;2013;173;71
Pasvalys d. mun.;2014;209;81
Pasvalys d. mun.;2015;199;93
Pasvalys d. mun.;2016;176;64
Pasvalys d. mun.;2017;178;61
Rokiškis d. mun.;1994;272;149
Rokiškis d. mun.;1995;285;128
Rokiškis d. mun.;1996;232;138
Rokiškis d. mun.;1997;167;129
Rokiškis d. mun.;1998;212;145
Rokiškis d. mun.;1999;195;100
Rokiškis d. mun.;2000;155;103
Rokiškis d. mun.;2001;162;122
Rokiškis d. mun.;2002;127;93
Rokiškis d. mun.;2003;159;124
Rokiškis d. mun.;2004;167;115
Rokiškis d. mun.;2005;168;104
Rokiškis d. mun.;2006;177;127
Rokiškis d. mun.;2007;175;104
Rokiškis d. mun.;2008;216;108
Rokiškis d. mun.;2009;179;97
Rokiškis d. mun.;2010;168;104
Rokiškis d. mun.;2011;154;119
Rokiškis d. mun.;2012;212;118
Rokiškis d. mun.;2013;182;104
Rokiškis d. mun.;2014;197;97
Rokiškis d. mun.;2015;233;73
Rokiškis d. mun.;2016;200;90
Rokiškis d. mun.;2017;190;81
Šiauliai county;1994;2471;1392
Šiauliai county;1995;2399;1144
Šiauliai county;1996;2168;1262
Šiauliai county;1997;1977;1375
Šiauliai county;1998;1884;1436
Šiauliai county;1999;1800;1409
Šiauliai county;2000;1586;1282
Šiauliai county;2001;1435;1242
Šiauliai county;2002;1538;1191
Šiauliai county;2003;1573;1168
Šiauliai county;2004;1936;1239
Šiauliai county;2005;2003;1201
Šiauliai county;2006;2138;1166
Šiauliai county;2007;2408;1164
Šiauliai county;2008;2392;1062
Šiauliai county;2009;1932;970
Šiauliai county;2010;1763;1059
Šiauliai county;2011;1769;1104
Šiauliai county;2012;1954;1091
Šiauliai county;2013;1965;1069
Šiauliai county;2014;2036;991
Šiauliai county;2015;2041;961
Šiauliai county;2016;1926;872
Šiauliai county;2017;1881;826
Akmenė d. mun.;1994;212;144
Akmenė d. mun.;1995;226;152
Akmenė d. mun.;1996;204;165
Akmenė d. mun.;1997;169;151
Akmenė d. mun.;1998;181;184
Akmenė d. mun.;1999;170;162
Akmenė d. mun.;2000;137;125
Akmenė d. mun.;2001;114;101
Akmenė d. mun.;2002;120;85
Akmenė d. mun.;2003;119;98
Akmenė d. mun.;2004;145;82
Akmenė d. mun.;2005;154;106
Akmenė d. mun.;2006;165;105
Akmenė d. mun.;2007;200;102
Akmenė d. mun.;2008;187;89
Akmenė d. mun.;2009;145;77
Akmenė d. mun.;2010;136;99
Akmenė d. mun.;2011;154;95
Akmenė d. mun.;2012;147;98
Akmenė d. mun.;2013;131;97
Akmenė d. mun.;2014;161;70
Akmenė d. mun.;2015;143;77
Akmenė d. mun.;2016;156;59
Akmenė d. mun.;2017;143;64
Joniškis d. mun.;1994;195;98
Joniškis d. mun.;1995;183;66
Joniškis d. mun.;1996;189;85
Joniškis d. mun.;1997;147;79
Joniškis d. mun.;1998;145;148
Joniškis d. mun.;1999;173;131
Joniškis d. mun.;2000;110;101
Joniškis d. mun.;2001;119;97
Joniškis d. mun.;2002;104;101
Joniškis d. mun.;2003;131;99
Joniškis d. mun.;2004;128;104
Joniškis d. mun.;2005;132;128
Joniškis d. mun.;2006;147;109
Joniškis d. mun.;2007;173;93
Joniškis d. mun.;2008;195;80
Joniškis d. mun.;2009;158;87
Joniškis d. mun.;2010;120;93
Joniškis d. mun.;2011;140;99
Joniškis d. mun.;2012;147;99
Joniškis d. mun.;2013;142;88
Joniškis d. mun.;2014;157;98
Joniškis d. mun.;2015;147;82
Joniškis d. mun.;2016;135;75
Joniškis d. mun.;2017;138;60
Kelmė d. mun.;1994;271;107
Kelmė d. mun.;1995;242;83
Kelmė d. mun.;1996;232;86
Kelmė d. mun.;1997;212;96
Kelmė d. mun.;1998;201;112
Kelmė d. mun.;1999;209;71
Kelmė d. mun.;2000;160;97
Kelmė d. mun.;2001;176;103
Kelmė d. mun.;2002;159;123
Kelmė d. mun.;2003;137;91
Kelmė d. mun.;2004;197;121
Kelmė d. mun.;2005;200;121
Kelmė d. mun.;2006;227;121
Kelmė d. mun.;2007;229;112
Kelmė d. mun.;2008;262;117
Kelmė d. mun.;2009;201;97
Kelmė d. mun.;2010;176;84
Kelmė d. mun.;2011;171;92
Kelmė d. mun.;2012;219;81
Kelmė d. mun.;2013;224;103
Kelmė d. mun.;2014;202;80
Kelmė d. mun.;2015;228;88
Kelmė d. mun.;2016;221;92
Kelmė d. mun.;2017;179;85
Pakruojis d. mun.;1994;171;63
Pakruojis d. mun.;1995;177;68
Pakruojis d. mun.;1996;165;68
Pakruojis d. mun.;1997;117;87
Pakruojis d. mun.;1998;134;66
Pakruojis d. mun.;1999;127;73
Pakruojis d. mun.;2000;114;71
Pakruojis d. mun.;2001;104;79
Pakruojis d. mun.;2002;103;80
Pakruojis d. mun.;2003;106;77
Pakruojis d. mun.;2004;129;102
Pakruojis d. mun.;2005;122;97
Pakruojis d. mun.;2006;149;83
Pakruojis d. mun.;2007;161;78
Pakruojis d. mun.;2008;154;77
Pakruojis d. mun.;2009;115;66
Pakruojis d. mun.;2010;139;81
Pakruojis d. mun.;2011;115;79
Pakruojis d. mun.;2012;126;80
Pakruojis d. mun.;2013;124;82
Pakruojis d. mun.;2014;134;64
Pakruojis d. mun.;2015;122;69
Pakruojis d. mun.;2016;110;63
Pakruojis d. mun.;2017;142;57
Radviliškis d. mun.;1994;307;206
Radviliškis d. mun.;1995;316;130
Radviliškis d. mun.;1996;308;151
Radviliškis d. mun.;1997;289;175
Radviliškis d. mun.;1998;255;161
Radviliškis d. mun.;1999;223;170
Radviliškis d. mun.;2000;208;164
Radviliškis d. mun.;2001;181;129
Radviliškis d. mun.;2002;182;152
Radviliškis d. mun.;2003;202;149
Radviliškis d. mun.;2004;262;162
Radviliškis d. mun.;2005;266;151
Radviliškis d. mun.;2006;293;163
Radviliškis d. mun.;2007;305;168
Radviliškis d. mun.;2008;311;162
Radviliškis d. mun.;2009;268;140
Radviliškis d. mun.;2010;255;147
Radviliškis d. mun.;2011;238;150
Radviliškis d. mun.;2012;260;134
Radviliškis d. mun.;2013;273;140
Radviliškis d. mun.;2014;290;144
Radviliškis d. mun.;2015;258;128
Radviliškis d. mun.;2016;271;117
Radviliškis d. mun.;2017;237;108
Šiauliai c. mun.;1994;1016;628
Šiauliai c. mun.;1995;922;526
Šiauliai c. mun.;1996;780;573
Šiauliai c. mun.;1997;788;626
Šiauliai c. mun.;1998;730;597
Šiauliai c. mun.;1999;645;603
Šiauliai c. mun.;2000;637;556
Šiauliai c. mun.;2001;541;579
Šiauliai c. mun.;2002;646;512
Šiauliai c. mun.;2003;650;521
Šiauliai c. mun.;2004;825;489
Šiauliai c. mun.;2005;845;451
Šiauliai c. mun.;2006;875;439
Šiauliai c. mun.;2007;1008;471
Šiauliai c. mun.;2008;944;393
Šiauliai c. mun.;2009;772;360
Šiauliai c. mun.;2010;689;409
Šiauliai c. mun.;2011;692;431
Šiauliai c. mun.;2012;770;449
Šiauliai c. mun.;2013;776;434
Šiauliai c. mun.;2014;794;405
Šiauliai c. mun.;2015;833;379
Šiauliai c. mun.;2016;771;351
Šiauliai c. mun.;2017;778;340
Šiauliai d. mun.;1994;299;146
Šiauliai d. mun.;1995;333;119
Šiauliai d. mun.;1996;290;134
Šiauliai d. mun.;1997;255;161
Šiauliai d. mun.;1998;238;168
Šiauliai d. mun.;1999;253;199
Šiauliai d. mun.;2000;220;168
Šiauliai d. mun.;2001;200;154
Šiauliai d. mun.;2002;224;138
Šiauliai d. mun.;2003;228;133
Šiauliai d. mun.;2004;250;179
Šiauliai d. mun.;2005;284;147
Šiauliai d. mun.;2006;282;146
Šiauliai d. mun.;2007;332;140
Šiauliai d. mun.;2008;339;144
Šiauliai d. mun.;2009;273;143
Šiauliai d. mun.;2010;248;146
Šiauliai d. mun.;2011;259;158
Šiauliai d. mun.;2012;285;150
Šiauliai d. mun.;2013;295;125
Šiauliai d. mun.;2014;298;130
Šiauliai d. mun.;2015;310;138
Šiauliai d. mun.;2016;262;115
Šiauliai d. mun.;2017;264;112
Tauragė county;1994;754;323
Tauragė county;1995;796;363
Tauragė county;1996;663;345
Tauragė county;1997;662;339
Tauragė county;1998;624;353
Tauragė county;1999;576;344
Tauragė county;2000;528;300
Tauragė county;2001;496;348
Tauragė county;2002;565;347
Tauragė county;2003;552;340
Tauragė county;2004;690;374
Tauragė county;2005;680;397
Tauragė county;2006;757;393
Tauragė county;2007;808;375
Tauragė county;2008;907;344
Tauragė county;2009;711;347
Tauragė county;2010;679;353
Tauragė county;2011;698;349
Tauragė county;2012;701;340
Tauragė county;2013;753;327
Tauragė county;2014;784;322
Tauragė county;2015;754;317
Tauragė county;2016;760;312
Tauragė county;2017;757;316
Jurbarkas d. mun.;1994;216;110
Jurbarkas d. mun.;1995;235;140
Jurbarkas d. mun.;1996;211;155
Jurbarkas d. mun.;1997;200;128
Jurbarkas d. mun.;1998;184;93
Jurbarkas d. mun.;1999;187;103
Jurbarkas d. mun.;2000;159;91
Jurbarkas d. mun.;2001;176;100
Jurbarkas d. mun.;2002;185;102
Jurbarkas d. mun.;2003;181;101
Jurbarkas d. mun.;2004;213;139
Jurbarkas d. mun.;2005;192;145
Jurbarkas d. mun.;2006;223;139
Jurbarkas d. mun.;2007;240;125
Jurbarkas d. mun.;2008;265;113
Jurbarkas d. mun.;2009;179;110
Jurbarkas d. mun.;2010;184;116
Jurbarkas d. mun.;2011;198;113
Jurbarkas d. mun.;2012;203;86
Jurbarkas d. mun.;2013;215;118
Jurbarkas d. mun.;2014;201;104
Jurbarkas d. mun.;2015;221;88
Jurbarkas d. mun.;2016;216;91
Jurbarkas d. mun.;2017;196;102
Pagėgiai mun.;1994;;
Pagėgiai mun.;1995;;
Pagėgiai mun.;1996;;
Pagėgiai mun.;1997;;
Pagėgiai mun.;1998;;
Pagėgiai mun.;1999;;
Pagėgiai mun.;2000;29;15
Pagėgiai mun.;2001;27;22
Pagėgiai mun.;2002;42;14
Pagėgiai mun.;2003;34;17
Pagėgiai mun.;2004;69;23
Pagėgiai mun.;2005;69;27
Pagėgiai mun.;2006;70;34
Pagėgiai mun.;2007;84;25
Pagėgiai mun.;2008;87;31
Pagėgiai mun.;2009;81;21
Pagėgiai mun.;2010;79;37
Pagėgiai mun.;2011;68;35
Pagėgiai mun.;2012;66;35
Pagėgiai mun.;2013;74;22
Pagėgiai mun.;2014;75;30
Pagėgiai mun.;2015;83;35
Pagėgiai mun.;2016;78;24
Pagėgiai mun.;2017;74;24
Šilalė d. mun.;1994;175;46
Šilalė d. mun.;1995;201;47
Šilalė d. mun.;1996;166;41
Šilalė d. mun.;1997;183;61
Šilalė d. mun.;1998;157;81
Šilalė d. mun.;1999;136;72
Šilalė d. mun.;2000;138;59
Šilalė d. mun.;2001;108;61
Šilalė d. mun.;2002;125;67
Šilalė d. mun.;2003;110;55
Šilalė d. mun.;2004;159;65
Šilalė d. mun.;2005;163;72
Šilalė d. mun.;2006;146;73
Šilalė d. mun.;2007;176;76
Šilalė d. mun.;2008;179;65
Šilalė d. mun.;2009;178;75
Šilalė d. mun.;2010;180;62
Šilalė d. mun.;2011;166;72
Šilalė d. mun.;2012;164;72
Šilalė d. mun.;2013;169;42
Šilalė d. mun.;2014;203;60
Šilalė d. mun.;2015;173;72
Šilalė d. mun.;2016;149;66
Šilalė d. mun.;2017;186;52
Tauragė d. mun.;1994;363;167
Tauragė d. mun.;1995;360;176
Tauragė d. mun.;1996;286;149
Tauragė d. mun.;1997;279;150
Tauragė d. mun.;1998;283;179
Tauragė d. mun.;1999;253;169
Tauragė d. mun.;2000;202;135
Tauragė d. mun.;2001;185;165
Tauragė d. mun.;2002;213;164
Tauragė d. mun.;2003;227;167
Tauragė d. mun.;2004;249;147
Tauragė d. mun.;2005;256;153
Tauragė d. mun.;2006;318;147
Tauragė d. mun.;2007;308;149
Tauragė d. mun.;2008;376;135
Tauragė d. mun.;2009;273;141
Tauragė d. mun.;2010;236;138
Tauragė d. mun.;2011;266;129
Tauragė d. mun.;2012;268;147
Tauragė d. mun.;2013;295;145
Tauragė d. mun.;2014;305;128
Tauragė d. mun.;2015;277;122
Tauragė d. mun.;2016;317;131
Tauragė d. mun.;2017;301;138
Telšiai county;1994;1230;567
Telšiai county;1995;1050;517
Telšiai county;1996;1010;652
Telšiai county;1997;935;664
Telšiai county;1998;870;604
Telšiai county;1999;842;567
Telšiai county;2000;770;520
Telšiai county;2001;632;596
Telšiai county;2002;705;620
Telšiai county;2003;792;589
Telšiai county;2004;948;562
Telšiai county;2005;971;601
Telšiai county;2006;1110;593
Telšiai county;2007;1134;578
Telšiai county;2008;1239;509
Telšiai county;2009;904;461
Telšiai county;2010;844;549
Telšiai county;2011;918;491
Telšiai county;2012;1061;530
Telšiai county;2013;1002;502
Telšiai county;2014;1097;468
Telšiai county;2015;1120;418
Telšiai county;2016;1049;471
Telšiai county;2017;1057;413
Mažeikiai d. mun.;1994;515;254
Mažeikiai d. mun.;1995;397;247
Mažeikiai d. mun.;1996;385;279
Mažeikiai d. mun.;1997;358;301
Mažeikiai d. mun.;1998;316;271
Mažeikiai d. mun.;1999;328;234
Mažeikiai d. mun.;2000;307;229
Mažeikiai d. mun.;2001;264;256
Mažeikiai d. mun.;2002;289;303
Mažeikiai d. mun.;2003;288;285
Mažeikiai d. mun.;2004;388;255
Mažeikiai d. mun.;2005;397;281
Mažeikiai d. mun.;2006;465;243
Mažeikiai d. mun.;2007;484;208
Mažeikiai d. mun.;2008;533;198
Mažeikiai d. mun.;2009;371;172
Mažeikiai d. mun.;2010;336;224
Mažeikiai d. mun.;2011;380;184
Mažeikiai d. mun.;2012;447;205
Mažeikiai d. mun.;2013;404;234
Mažeikiai d. mun.;2014;477;202
Mažeikiai d. mun.;2015;460;169
Mažeikiai d. mun.;2016;404;194
Mažeikiai d. mun.;2017;426;182
Plungė d. mun.;1994;373;139
Plungė d. mun.;1995;307;114
Plungė d. mun.;1996;309;154
Plungė d. mun.;1997;322;162
Plungė d. mun.;1998;285;164
Plungė d. mun.;1999;263;166
Plungė d. mun.;2000;198;145
Plungė d. mun.;2001;137;140
Plungė d. mun.;2002;155;117
Plungė d. mun.;2003;207;133
Plungė d. mun.;2004;226;118
Plungė d. mun.;2005;217;121
Plungė d. mun.;2006;239;143
Plungė d. mun.;2007;298;133
Plungė d. mun.;2008;294;118
Plungė d. mun.;2009;226;120
Plungė d. mun.;2010;220;134
Plungė d. mun.;2011;232;106
Plungė d. mun.;2012;253;133
Plungė d. mun.;2013;262;117
Plungė d. mun.;2014;268;119
Plungė d. mun.;2015;293;114
Plungė d. mun.;2016;270;119
Plungė d. mun.;2017;274;96
Rietavas mun.;1994;;
Rietavas mun.;1995;;
Rietavas mun.;1996;;
Rietavas mun.;1997;;
Rietavas mun.;1998;;
Rietavas mun.;1999;;
Rietavas mun.;2000;36;10
Rietavas mun.;2001;32;17
Rietavas mun.;2002;37;15
Rietavas mun.;2003;39;16
Rietavas mun.;2004;40;24
Rietavas mun.;2005;43;20
Rietavas mun.;2006;67;31
Rietavas mun.;2007;58;22
Rietavas mun.;2008;56;30
Rietavas mun.;2009;48;29
Rietavas mun.;2010;59;21
Rietavas mun.;2011;47;33
Rietavas mun.;2012;72;26
Rietavas mun.;2013;52;27
Rietavas mun.;2014;68;22
Rietavas mun.;2015;67;23
Rietavas mun.;2016;63;26
Rietavas mun.;2017;63;18
Telšiai d. mun.;1994;342;174
Telšiai d. mun.;1995;346;156
Telšiai d. mun.;1996;316;219
Telšiai d. mun.;1997;255;201
Telšiai d. mun.;1998;269;169
Telšiai d. mun.;1999;251;167
Telšiai d. mun.;2000;229;136
Telšiai d. mun.;2001;199;183
Telšiai d. mun.;2002;224;185
Telšiai d. mun.;2003;258;155
Telšiai d. mun.;2004;294;165
Telšiai d. mun.;2005;314;179
Telšiai d. mun.;2006;339;176
Telšiai d. mun.;2007;294;215
Telšiai d. mun.;2008;356;163
Telšiai d. mun.;2009;259;140
Telšiai d. mun.;2010;229;170
Telšiai d. mun.;2011;259;168
Telšiai d. mun.;2012;289;166
Telšiai d. mun.;2013;284;124
Telšiai d. mun.;2014;284;125
Telšiai d. mun.;2015;300;112
Telšiai d. mun.;2016;312;132
Telšiai d. mun.;2017;294;117
Utena county;1994;1205;526
Utena county;1995;1128;535
Utena county;1996;1025;564
Utena county;1997;948;573
Utena county;1998;931;615
Utena county;1999;889;575
Utena county;2000;792;559
Utena county;2001;791;557
Utena county;2002;743;528
Utena county;2003;754;469
Utena county;2004;909;603
Utena county;2005;913;565
Utena county;2006;1006;528
Utena county;2007;1143;577
Utena county;2008;1113;481
Utena county;2009;933;476
Utena county;2010;888;547
Utena county;2011;865;530
Utena county;2012;944;517
Utena county;2013;911;511
Utena county;2014;980;474
Utena county;2015;970;454
Utena county;2016;900;426
Utena county;2017;924;396
Anykščiai d. mun.;1994;215;74
Anykščiai d. mun.;1995;197;99
Anykščiai d. mun.;1996;187;102
Anykščiai d. mun.;1997;151;102
Anykščiai d. mun.;1998;162;108
Anykščiai d. mun.;1999;172;95
Anykščiai d. mun.;2000;127;97
Anykščiai d. mun.;2001;130;90
Anykščiai d. mun.;2002;123;68
Anykščiai d. mun.;2003;126;72
Anykščiai d. mun.;2004;147;114
Anykščiai d. mun.;2005;157;94
Anykščiai d. mun.;2006;152;99
Anykščiai d. mun.;2007;176;101
Anykščiai d. mun.;2008;199;99
Anykščiai d. mun.;2009;131;94
Anykščiai d. mun.;2010;131;113
Anykščiai d. mun.;2011;149;85
Anykščiai d. mun.;2012;146;102
Anykščiai d. mun.;2013;162;86
Anykščiai d. mun.;2014;168;77
Anykščiai d. mun.;2015;179;68
Anykščiai d. mun.;2016;157;59
Anykščiai d. mun.;2017;158;52
Ignalina d. mun.;1994;166;55
Ignalina d. mun.;1995;126;66
Ignalina d. mun.;1996;121;64
Ignalina d. mun.;1997;119;63
Ignalina d. mun.;1998;110;59
Ignalina d. mun.;1999;117;63
Ignalina d. mun.;2000;101;65
Ignalina d. mun.;2001;98;58
Ignalina d. mun.;2002;84;50
Ignalina d. mun.;2003;91;58
Ignalina d. mun.;2004;91;60
Ignalina d. mun.;2005;97;74
Ignalina d. mun.;2006;111;75
Ignalina d. mun.;2007;130;70
Ignalina d. mun.;2008;142;68
Ignalina d. mun.;2009;118;51
Ignalina d. mun.;2010;97;58
Ignalina d. mun.;2011;89;75
Ignalina d. mun.;2012;111;62
Ignalina d. mun.;2013;104;65
Ignalina d. mun.;2014;116;56
Ignalina d. mun.;2015;112;46
Ignalina d. mun.;2016;101;47
Ignalina d. mun.;2017;110;48
Molėtai d. mun.;1994;176;46
Molėtai d. mun.;1995;154;31
Molėtai d. mun.;1996;125;44
Molėtai d. mun.;1997;147;38
Molėtai d. mun.;1998;126;44
Molėtai d. mun.;1999;119;41
Molėtai d. mun.;2000;96;42
Molėtai d. mun.;2001;107;43
Molėtai d. mun.;2002;79;34
Molėtai d. mun.;2003;94;28
Molėtai d. mun.;2004;133;64
Molėtai d. mun.;2005;115;59
Molėtai d. mun.;2006;135;53
Molėtai d. mun.;2007;139;53
Molėtai d. mun.;2008;118;54
Molėtai d. mun.;2009;97;57
Molėtai d. mun.;2010;103;66
Molėtai d. mun.;2011;104;60
Molėtai d. mun.;2012;114;72
Molėtai d. mun.;2013;118;58
Molėtai d. mun.;2014;123;56
Molėtai d. mun.;2015;105;43
Molėtai d. mun.;2016;127;70
Molėtai d. mun.;2017;116;46
Utena d. mun.;1994;324;119
Utena d. mun.;1995;329;138
Utena d. mun.;1996;293;136
Utena d. mun.;1997;270;125
Utena d. mun.;1998;261;131
Utena d. mun.;1999;236;145
Utena d. mun.;2000;230;142
Utena d. mun.;2001;188;158
Utena d. mun.;2002;211;151
Utena d. mun.;2003;171;126
Utena d. mun.;2004;219;157
Utena d. mun.;2005;225;135
Utena d. mun.;2006;261;110
Utena d. mun.;2007;273;170
Utena d. mun.;2008;286;122
Utena d. mun.;2009;261;116
Utena d. mun.;2010;237;124
Utena d. mun.;2011;208;125
Utena d. mun.;2012;242;135
Utena d. mun.;2013;205;141
Utena d. mun.;2014;223;125
Utena d. mun.;2015;253;130
Utena d. mun.;2016;223;93
Utena d. mun.;2017;242;118
Visaginas mun.;1994;200;168
Visaginas mun.;1995;198;145
Visaginas mun.;1996;170;172
Visaginas mun.;1997;158;193
Visaginas mun.;1998;170;216
Visaginas mun.;1999;146;177
Visaginas mun.;2000;137;161
Visaginas mun.;2001;173;152
Visaginas mun.;2002;175;175
Visaginas mun.;2003;187;134
Visaginas mun.;2004;203;158
Visaginas mun.;2005;216;139
Visaginas mun.;2006;223;117
Visaginas mun.;2007;298;118
Visaginas mun.;2008;265;85
Visaginas mun.;2009;248;94
Visaginas mun.;2010;227;128
Visaginas mun.;2011;217;116
Visaginas mun.;2012;250;92
Visaginas mun.;2013;200;101
Visaginas mun.;2014;242;100
Visaginas mun.;2015;200;94
Visaginas mun.;2016;190;98
Visaginas mun.;2017;182;84
Zarasai d. mun.;1994;124;64
Zarasai d. mun.;1995;124;56
Zarasai d. mun.;1996;129;46
Zarasai d. mun.;1997;103;52
Zarasai d. mun.;1998;102;57
Zarasai d. mun.;1999;99;54
Zarasai d. mun.;2000;101;52
Zarasai d. mun.;2001;95;56
Zarasai d. mun.;2002;71;50
Zarasai d. mun.;2003;85;51
Zarasai d. mun.;2004;116;50
Zarasai d. mun.;2005;103;64
Zarasai d. mun.;2006;124;74
Zarasai d. mun.;2007;127;65
Zarasai d. mun.;2008;103;53
Zarasai d. mun.;2009;78;64
Zarasai d. mun.;2010;93;58
Zarasai d. mun.;2011;98;69
Zarasai d. mun.;2012;81;54
Zarasai d. mun.;2013;122;60
Zarasai d. mun.;2014;108;60
Zarasai d. mun.;2015;121;73
Zarasai d. mun.;2016;102;59
Zarasai d. mun.;2017;116;48
